           1           1         100           2          17           4           9           1           2           2           2           2           2           2           3           2           1           3           2           4           2           2           4           3           4           3           2           3           4           4           3           4           2           4           4           5           6           5           4           4           3           4           3           2           5           4           7      34      14       9      23      10      24      21      55
           1           1         101           2          15           4           9           3           2           3           2           2           2           3           3           2           1           2           2           3           3           4           3           4           4           4           2           4           4           2           1           3           5           4           5           2           1           2           5           4           4           6           5           4           5           5           7      31      12      13      25      14      14      29      57
           1           1         102           2          15           4           9           1           1           3           1           2           2           2           1           3           1           2           2           2           1           3           3           2           3           3           1           1           2           3           2           3           4           4           4           3           3           1           2           2           3           3           3           3           3           2           5      23       9      10      19      12      11      17      40
           1           1         103           2          15           4           9           2           1           4           2           2           1           4           2           2           4           1           1           2           4           3           2           2           2           1           1           2           1           4           1           1           4           5           5           5           6           5           5           5           6           6           4           5           4           6           7      17       7      17      24      14      26      31      71
           1           1         104           2          15           4           9           2           3           3           2           2           2           3           2           2           1           2           1           1           1           1           1           2           2           2           1           1           1           2           1           1           5           5           6           2           6           3           3           1           6           6           6           6           5           5           9      14       8       8      16      16      15      34      65
           1           1         105           2          15           4           9           2           2           3           2           2           2           1           1           2           1           3           1           2           1           2           1           1           1           2           1           1           1           2           1           1           4           3           3           1           2           1           1           1           2           3           4           2           2           2           8      12       9       7      16      10       6      15      31
           1           1         106           2          15           4           9           1           1           3           2           2           2           4           4           2           3           3           3           3           3           4           2           4           2           3           1           1           1           2           1           4           6           5           5           3           6           2           4           2           6           4           5           5           5           4           6      21      15      16      31      16      17      29      62
           1           1         107           2          15           4           9           3           2           3           2           1           1           2           2           1           3           2           1           3           2           2           2           3           4           3           3           3           4           3           2           2           5           5           6           4           6           5           3           5           4           5           6           6           4           5           8      29       9      10      19      16      23      30      69
           1           1         108           2          15           4           9           3           2           4           2           2           3           3           1           4           1           3           2           2           3           4           4           4           4           4           3           1           3           3           4           2           5           3           4           3           6           2           4           2           4           3           6           2           4           5           7      32      11      15      26      12      17      24      53
           1           1         109           2          15           4           9           1           2           2           2           2           1           2           2           1           1           2           1           2           1           1           2           3           4           2           1           1           2           3           1           3           6           5           6           4           6           6           5           5           6           5           6           6           4           6          10      22       8       6      14      17      26      33      76
           1           1         110           1          15           4           9           2           1           2           1           2           2           3           1           3           2           1           1           3           2           1           2           3           2           2           1           1           1           2           2           3           5           5           5           4           3           3           3           4           5           6           5           6           4           3           7      19       8      11      19      15      17      29      61
           1           1         111           1          15           4           9           2           2           3           2           2           2           1           1           3           1           4           2           3           3           4           2           3           3           2           2           3           1           4           1           1           5           5           6           3           6           5           5           4           5           6           5           6           6           5           7      22      12      12      24      16      23      33      72
           1           1         112           1          15           4           9           1           1           2           2           2           2           1           2           1           1           3           3           1           1           3           3           4           2           4           4           4           2           3           1           2           6           6           6           6           6           6           6           6           6           4           6           6           5           6           8      29      11       7      18      18      30      33      81
           1           1         113           1          15           4           9           3           1           2           2           1           3           4           2           4           1           3           4           3           1           3           3           4           4           4           2           4           4           3           4           3           5           1           3           2           6           1           2           1           3           5           6           6           6           5           6      35      15      13      28       9      12      31      52
           1           1         114           1          15           4           9           1           1           2           2           2           1           2           1           2           1           2           1           1           3           1           3           4           1           1           1           1           2           2           1           1           5           5           6           3           5           5           5           5           5           5           5           5           6           6           7      17       6       9      15      16      23      32      71
           1           1         115           1          15           4           9           1           1           3           2           2           1           1           3           2           1           3           4           4           2           1           1           4           3           4           2           4           4           4           1           4           6           4           5           5           6           4           4           1           5           5           6           5           4           4          10      31      15       7      22      15      20      29      64
           1           1         116           2          15           4           9           2           1           2           1           2           2           3           1           2           1           1           1           1           1           2           2           2           2           2           2           1           1           1           1           1           5           4           5           2           6           2           3           4           5           5           5           5           5           5           8      15       6       9      15      14      17      30      61
           1           1         117           2          15           4           9           2           2           2           2           2           3           3           1           2           1           2           1           3           2           3           2           3           1           2           2           2           1           4           2           3           5           4           5           4           6           4           4           4           5           5           3           5           4           6           7      22      10      11      21      14      22      28      64
           1           1         118           1          15           4           9           1           1           2           2           2           2           3           3           1           1           1           1           2           3           3           3           3           1           2           1           2           2           3           1           1           5           6           6           4           6           4           4           4           5           5           5           5           5           5          10      19       9      11      20      17      22      30      69
           1           1         119           2          15           4           9           3           2           2           2           2           2           1           3           1           1           3           2           2           1           1           1           3           4           3           2           1           3           2           3           1           5           5           6           4           6           4           2           2           1           6           5           6           6           6           8      23      12       5      17      16      18      30      64
           1           1         120           2          15           4           9           1           1           2           2           1           1           2           1           1           1           2           1           1           1           1           2           2           1           2           1           1           2           1           1           1           5           4           6           3           6           4           6           5           5           6           6           4           4           5           9      14       6       6      12      15      24      30      69
           1           1         121           2          15           4           9           2           1           3           2           2           3           4           1           2           3           4           3           3           3           2           4           4           3           3           3           1           2           3           3           4           5           4           4           3           2           1           4           1           3           4           4           3           4           1           8      30      14      14      28      13      11      19      43
           1           1         122           2          15           4           9           2           3           4           2           2           2           3           3           2           1           3           1           3           2           2           2           3           3           3           3           2           3           2           4           3           4           5           3           2           6           3           2           3           2           3           5           3           5           2           4      28      12      10      22      12      16      20      48
           1           1         123           2          15           4           9           2           1           3           2           1           2           1           1           2           1           2           3           2           1           2           3           3           4           3           1           2           2           3           3           3           6           5           4           1           4           2           2           1           4           5           6           4           3           2           8      27      10       7      17      15      10      24      49
           1           1         124           1          15           4           9           3           6           2           1           1           4           4           2           4           1           4           4           2           1           2           2           2           4           4           4           4           4           4           4           4           4           3           2           6           6           6           5           6           4           6           6           3           2           2           7      36      16      12      28       9      29      23      61
           1           1         125           2          15           4           9           3           1           2           2           2           3           2           2           4           2           3           1           3           2           4           2           4           4           3           3           3           4           3           4           4           4           4           4           4           5           4           4           3           3           4           4           2           3           5           7      34      12      14      26      12      20      21      53
           1           1         126           1          15           4           9           1           1           2           2           2           1           1           1           2           1           1           1           1           1           1           1           2           1           2           1           1           1           2           1           1           5           5           6           1           6           5           5           5           5           5           6           2           5           6           9      13       5       6      11      16      22      29      67
           1           1         127           2          15           4           9           2           1           1           1           1           2           1           3           1           1           3           1           1           1           2           1           1           3           3           1           1           1           1           3           4           6           1           5           3           2           6           5           3           4           3           6           6           5           2          10      19      10       6      16      12      19      26      57
           1           1         128           2          15           4           9           1           2           2           2           2           2           3           1           3           1           2           1           2           3           3           4           4           4           4           3           3           2           4           2           3           2           1           1           1           5           1           1           2           1           2           1           2           1           2           4      33       8      13      21       4      10       9      23
           1           1         129           2          14           4           9           1           2           3           2           2           1           2           1           3           1           3           2           1           1           2           2           3           1           2           1           2           1           2           2           1           5           5           4           3           5           4           4           3           5           3           4           3           4           4           7      17       8       9      17      14      19      23      56
           1           1         130           1          15           4           9           6           1           2           2           2           2           2           1           2           1           1           2           1           1           1           2           3           1           2           1           1           1           2           1           1           6           5           5           2           6           5           5           5           6           5           6           5           4           6           8      15       7       7      14      16      23      32      71
           1           1         131           1          15           4           9           1           2           4           1           2           1           3           4           4           1           3           2           4           2           4           2           3           4           4           3           3           1           4           1           4           5           2           1           1           4           1           2           5           6           6           2           4           2           4           4      29      14      14      28       8      13      24      45
           2           1         150           1          15           4           9           3           3           3           2           1           2           1           1           1           3           2           2           3           2           4           2           2           2           2           1           1           2           2           1           3           4           3           5           1           6           5           4           3           5           5           4           5           4           5           6      18      10      11      21      12      19      28      59
           2           1         151           1          15           4           9           3           6           3           2           2           1           1           1           1           1           2           2           1           2           2           2           3           3           2           1           1           1           2           1           2           5           5           5           1           6           1           5           5           6           4           6           5           6           1           7      18       7       7      14      15      18      28      61
           2           1         152           1          15           4           9           6           1           3           2           1           2           1           3           2           3           2           3           4           2           2           2           3           3           4           2           1           1           3           3           2           5           4           5           3           6           5           5           4           5           5           5           5           4           3           8      24      14      10      24      14      23      27      64
           2           1         153           1          15           4           9           2           1           2           2           1           2           2           1           3           1           3           1           3           2           1           2           1           3           3           1           1           1           2           1           3           5           4           5           3           5           3           5           4           5           3           3           4           3           4           8      18      10       9      19      14      20      22      56
           2           1         154           1          15           4           9           3           1           3           2           2           2           1           1           2           1           2           1           1           1           2           2           3           2           2           1           1           1           2           1           3           5           3           5           2           6           2           5           4           6           4           4           3           3           4           4      18       7       7      14      13      19      24      56
           2           1         155           1          15           4           9           2           3           3           2           2           2           2           1           2           1           2           3           2           1           2           1           2           1           2           1           2           1           1           1           2           4           3           2           2           3           2           2           1           4           3           4           5           3           2           6      14      10       8      18       9      10      21      40
           2           1         156           1          15           4           9           2           1           3           2           2           1           1           2           2           1           3           3           3           1           2           2           2           1           3           2           1           1           2           3           3           2           1           2           1           6           1           2           1           2           3           1           2           1           5           5      20      12       7      19       5      11      14      30
           2           1         157           2          14           4           9           1           2           1           2           2           1           1           1           1           1           1           1           1           1           1           1           2           1           1           1           1           1           1           1           1           6           6           6           6           6           1           1           1           6           6           6           6           6           6          10      11       5       5      10      18      15      36      69
           2           1         158           2          15           4           9           6           3           2           2           2           3           4           2           2           1           3           1           1           2           3           2           3           3           4           2           2           1           3           1           1           5           5           5           1           6           1           1           1           5           5           6           3           6           5           8      22      10      12      22      15      10      30      55
           2           1         159           1          15           4           9           6           1           2           2                       3           1           1           2           1           3           3           2           1           1           1           4           3           4           2           2           1           3           2           2           5           5           5           2           6           5           4           6           5           5           5           2           3           3           8      24      12       6      18      15      23      23      61
           2           1         160           2          15           4           9           6           2           2           2           1           2           1           1           3           1           3           2           2           1           3           2           3           4           4           2           2           3           2           2           4           4           4           4           5           6           2           6           4           2           4           5           4           2           4           7      28      10       9      19      12      23      21      56
           2           1         161           2          15           4           9           2           2           3           2           2           2           2           1           2           2           3           1           2           1           2           1           3           1           2           1           1           1           2           1           3           5           4           6           5           6           5           6           5           6           6           5           5           6           6           7      16       9       9      18      15      27      34      76
           2           1         162           1          15           4           9           6           2           3           2           2           1           1           1           1           1           1           2           1           1           2           1           2           1           2           1           1           1           1           1           1           4           5           5           1           3           3           5           5           5           3           4           3           3           4                  12       6       6      12      14      17      22      53
           2           1         163           2          15           4           9           3           3           1           2           2           2           1           1           2           1           2           2           2           1           1           1           1           1           2           1           1           1           1           3           1           5           5           5           1           5           5           5           6           6           6           6           6           6           6           8      13       9       6      15      15      22      36      73
           2           1         164           2          15           4           9           1           1           2           2           2           2           3           2           2           1           3           1           2           1           2           2           2           3           2           1           1           2           2           2           3           4           4           4           2           5           3           4           4           5           5           6           5           5           5           6      20      10       9      19      12      18      31      61
           2           1         165           2          15           4           9           2           2           3           2           2           3           4           1           1           1           3           1           2           1           3           2           4           4           2           1           1           2           3           4           3           5           5           5           2           2           1           4           5           2           5           4           3           5           6           7      26      10      10      20      15      14      25      54
           2           1         166           2          15           4           9           2           2           2           2           2           2           3           2           2           1           2           2           3           2           4           3           4           4           3           2           2           2           3           4           3           3           4           2           2           6           2           4           4           2           3           6           4           4           1           6      30      11      12      23       9      18      20      47
           2           1         167           2          15           4           9           2           1           3           2           2           3           4           2           2           2           1           2           2           1           3           3           2           3           3           3           3           2           3           4           4           3           2           2           1           3           3           5           4           2           5           5           5           3           3           6      30      10      12      22       7      16      23      46
           2           1         168           2          15           4           9           6           6           3           2           1           3           3           2           3           1           4           2           3           1           2           3           4           3           3           2           2           1           2           1           2           4           3           2           1           1           2           2           1           3           2           5           2           3           1           6      23      14      10      24       9       7      16      32
           2           1         169           2          15           4           9           3           2           3           2           2           2           2           1           2           1           2           4           1           1           1           1           2           1           3           1           1           1           2           1           2           6           5           6           2           1           2           5           5           6           5           6           5           5           5           7      15      10       7      17      17      15      32      64
           2           1         170           1          17           4           9           1           2           3           2           1           2           1           1           1           1           1           1           2           1           1           1           1           1           1           1           1           1           2           1           1           2           1           1           1           6           1           1           1           5           1           1           1           1           1           3      11       7       5      12       4      10      10      24
           2           1         171           1          15           4           9           1           1           2           2           2           3           2           1           1           1           4           3           2           1           4           2           4           3           4           2           3           3           2           4           3           3           2           1           4           6           6           5           5           2           5           6           5           5           6           7      30      13       9      22       6      26      29      61
           2           1         172           1          15           4           9           2           2           3           2           1           1           1           1           1           1           3           1                       2           1           2           2           2           2           1           1           1           2           1           4           4           4           5           2           6           1           5           4                       2           5           1           5           4           7      18               6              13      18                
           3           1         200           2          17           4           9           1           2           3           2           1           2           3           3           2           1           4           4           3           1           4           4           4           3           3           3           2           4           4           4           4           4           4           4           3           1           2           4           5           5           2           5           5           5           5           7      35      16      11      27      12      15      27      54
           3           1         201           2          14           4           9           2           2           3           2           1           3           4           4           4           2           2           4           3           4           2           2           3           4           2           4           4           1           2           4           4           2           1           3           4           5           3           3           1           2           4           2           5           4           3           5      30      16      16      32       6      16      20      42
           3           1         202           2          15           4           9           3           2           3           1           1           3           4           3           2           1           2           4           3           4           2           2           3           4           2           1           1           2           2           3           4           2           3           2           4           3           1           2           2           3           2           5           6           6           6           6      24      15      13      28       7      12      28      47
           3           1         203           2          14           4           9           3           2           2           2           2           2           2           2           2           1           4           3           3           1           1           2           3           2           2           1           1           3           2           1           2           4           4           3           4           6           2           3           3           3           5           6           5           4           4           7      19      14       7      21      11      18      27      56
           3           1         204           2          14           4           9           2           2           2           2           1           2           2           2           3           1           1           2           3           1           2           3           3           2           2           1           2           3           2           2           1           4           4           3           2           5           2           3           3           3           4           4           3           2           2           6      21      10       9      19      11      15      18      44
           3           1         205           2          14           4           9           2           2           2                       2           2           2           1           1           1           2           1           1           1           2           2           1           3           1           1           1           2           1           1           3           6           5           6           5           6           1           3           2           6           5           6           4           5           5          10      16       7       7      14      17      17      31      65
           3           1         206           2          15           4           9           2           2           3           2           1           1           1           1           1           1           2           1           1           1           2           1           2           3           1           1           1           1           2           2           1           3           2           2           3           2           3           5           2           4           4           5           5           5           4           5      15       6       6      12       7      15      27      49
           4           1         300           2          15           4           9           2           3           3           2           1           3           3           3           4           1           3           4           3           3           4           3           4           4           4           3           3           3           4           4           4           2           2           2           3           6           3           3           3           2                       6           1           1           1           4      36      16      15      31       6      18                
           4           1         301           2          15           4           9           2           3           3           1           2           1           3           2           2           3           3           2           3           2           3           2           4           3           4           1           1           1           3           3           2           3           4           4           2           2           1           2           5           5           4           5           4           4           5           8      24      11      13      24      11      12      27      50
           4           1         302           2          15           4           9           4           4           1           2           2           1           2           1           3           1           1           2           3           1           4           2           3           1           2           1           1           2           1           2           1           5           3           2           2           6           2           5           2           3           2           5           4           1           2           8      16       8      11      19      10      17      17      44
           4           1         303           2          15           4           9           2           2           3           2           2           1           3           2           1           2           2           1           1           2           2           1           1           4           2           2           1           2           2           2           3           6           4           4           2           5           5           4           2           5           4           5           4           6           3           5      20       7      10      17      14      18      27      59
           4           1         304           2          15           4           9           2           2           2           2           2           3           4           2           3           2           2           2           2           4           3           3           4           3           3           4           1           2           2           3           2           5           5                       2           6           3           1           1           3           2           4           6           6           6           8      27      11      16      27              13      27        
           4           1         305           2          15           4           9           6           6           3           2           1           3           1           1           1           1           2           2           2           1           1           2           4           2           3           2           2           3           2           3           2           5           4           5           4           5           4           5           5           5           5           5           6           4           5           7      25      10       5      15      14      23      30      67
           4           1         306           2          14           4           9           2           4           3           2           2           1           2           2           3           2           3           1           2           2           3           2           2           2           3           1           1           1           2           1           2           4           4           5           2           6           4           4           3           4           6           5           2           6           2           8      17       9      12      21      13      19      25      57
           4           1         307           2          14           4           9           4           2           3           2           2           3           2           1           4           1           4           2           2           3           4           3           4           4           4           4           3           2           3           4           4           5           3           1           2           1           1           3           2           2           2           5           3           6           3           4      35      12      14      26       9       9      21      39
           4           1         308           2          15           4           9           3           2           2           2           2           2           2           1           2           3           3           2           2           2           4           2           3           2           3           2           1           2           1           1           3           6           5           6           5           6           5           5           4           5           6           6           5           6           6           8      20      10      13      23      17      25      34      76
           4           1         309           2          15           4           9           3           4           3           2           1           3           1           1           2           1           3           4           2           2           3           3           4           3           3           3           2           2           2           4           3           4           3           4           5           5           4           2           4           3           5           3           5           4           3           6      29      13       9      22      11      20      23      54
           4           1         310           2          15           4           9           6           1           3           2           1           3           2           1           2           1           3           2           1           1           2           4           4           3           4           2           1           2           3           4           3           4           2           2           1           5           3           4           3           2           3           4           1           2           1           6      30      10       8      18       8      16      13      37
           4           1         311           2          15           4           9           1           1           2           2           2           2           2           2           3           1           4           3           2           1           2           3           3           4           4           3           2           4           2           3           4           5           5           4           1           6           5           5           2           5           4           5           2           5           2           6      32      13       9      22      14      19      23      56
           4           1         312           2          15           4           9           1           1           2           2           2           3           2           2           1           1           2           2           3           2           1           1           2           3           2           2           1           1           2           1           3           4           4           5           1           5           3           4           4           5           4           4           4           5           5           7      18      12       7      19      13      17      27      57
           4           1         313           2          15           4           9           3           3           3           2           2           3           4           4           3           2           4           3           3           2           3           4           4           4           4           4           4           4           4           4           4           3           1           2           1           5           1           2           2           2           4           6           6           5           3           5      40      17      14      31       6      11      26      43
           4           1         314           2          16           4           9           3           3           3           2           2           3           2           2           2           1           3           3           3           2           4           4           4           4           4           3           2           2           4           4           4           4           1           1           2           4           2           2           2           1           5           5           2           1           3                  35      14      11      25       6      12      17      35
           4           1         315           2          15           4           9           6           6           3           2           2           3           2           1           4           1           4           4           3           3           4           2           4           3           4           2           1           1           4           4           1           2           1           1           1           1           3           5           2           3           4           6           1           6           6           4      26      15      14      29       4      12      26      42
           4           1         316           2          15           4           9           3           3           3           2           2           2           2           2           1           3           2           2           2           2           2           2           2           3           3           2           1           2           2           2           3           5           4           4           4           5           4           5           3           6           6           5           6           5           5           7      22      10      10      20      13      21      33      67
           4           1         317           2          15           4           9           1           1           3           2           2           1           3           3           2           1           1           3           4           2           3           2           2           4           3           2           2           3           3           1           2           3           3           3           1           3           2           3           1           4           4           5           3           4           4           7      24      12      11      23       9      10      24      43
           4           1         318           2          15           4           9           3           2           3           2           2           2           2           2           3           1           2           2           2           2           3           2           2           2           2           2           2           3           3           4           3           3           2           3           4           4           3           3           3           2           5           5           5           4           4           6      25      10      11      21       8      17      25      50
           4           1         319           2          15           4           9           3           3           1           2           2           1           2           1           1           1           1           2           2           1           1           2           1           3           2           1           1           2           1           1           1           5           5           5           4           6           5           4           4           5           5           5           6           6           6           9      15       7       6      13      15      23      33      71
           4           1         320           2          15           4           9           2           2           3           2           2           2           3           2           2           1           4           2           3           2           2           2           4           3           4           3           4           2           4           3           4           5           4           5           3           5           4           3           4           4           4           6           3           4           4           7      33      13      10      23      14      19      25      58
           4           1         321           2          15           4           9           1           2           3           2           2           2           3           3           2           1           2           2           2           2           2           2           3           3           4           2           2           3           4           1           2           5           5           5           3           2           6           3           3           4           6           5           6           5           6                  26      11      10      21      15      17      32      64
           4           1         322           2          14           4           9           2           2           3           2           2           3           1           2           2           1           3           4           2           2           3           2           4           4           4           3           4           2           2           3           2           5           5           5           1           6           6           5           2           2           2           3           5           4           2           3      30      14       9      23      15      20      18      53
           4           1         323           2          15           4           9           2           1           2           2           2           2           2           1           2           1           2           1           2           1           2           1           2           2           1           2           1           1           2           1           3           5           4           6           4           6           5           5           4           5           6           6           6           5           5           9      16       8       8      16      15      24      33      72
           4           1         324           1          15           4           9           1           1           3           2           2           3           3           2           3           1           3           4           4           3           3           4           4           3           4           2           4           4           3           3           2           4           5           3           2           4           2           4           3           4           4           2           5           4           3           5      33      16      13      29      12      15      22      49
           4           1         325           2          14           4           9           3           3                       2           2           2           2           3           1           1           3           2           2           1           2           2           2           2           3           2           1           2           3           1           2           5           4           6           5           5           2           4           3           5           5           6           6           5           4           9      20      12       7      19      15      19      31      65
           4           1         326           2          15           4           9           2           1           3           2           1           2           3           1           3           2           3           2           2           3           3           2           4           3           4           2           1           2           3           1           2           5           5           5           2           6           4           5           5           5           5           5           6           4           5           9      24      10      14      24      15      22      30      67
           4           1         327           1          16           4           9           1           1           3           2           1           1           2           1           1           1           1           2           1           1           1           1           1           1           1           1           1           1           2           1           1           6           6           6           6           6           6           6           5           6           6           6           6           6           6          10      11       6       6      12      18      29      36      83
           4           1         328           2          15           4           9           3           1           3           2           2           2           2           2           1           1           3           2           2           1           1           4           3           4           3           2           1           3           3           3           3           5           5           5           5           6           5           5           5           5           5           5           5           5           5           6      29      11       6      17      15      26      30      71
           4           1         329           2          15           4           9           2           2           3           2           2           2           1           2           1           1           3           2           2           2           2           2           4           3           4           3           2           2           3           2           3           5           5           5           1           5           5           4           3           3           5           5           5           4           4           4      28      11       7      18      15      18      26      59
           4           1         330           1          15           4           9           2           1           2           2           2           1           2           2           1           1           3           1           2           2           1           2           2           1           2           2           1           1           1           2           3           6           5           5           4           4           4           4           3           5           5           6           5           4           4           9      17       9       7      16      16      19      29      64
           4           1         331           2          15           4           9           3           3           3           2           2           3           1           1           2           1           2           2           1           1           2           1           2           2           4           1           1           1           2           1           2           3           5           6           2           6           2           2           5           6           5           5           2           5           5           8      17       9       7      16      14      17      28      59
           4           1         332           2          14           4           9           1           1           3           2           2           1           1           2           2           1           1           1           2           1           2           2           3           1           3           2           2           1           3           1           1           6           6           6           6           6           5           5           5           5           6           5           6           5           6          10      19       7       7      14      18      27      33      78
           4           1         333           1          15           4           9           1           2           2           2           2           2           1           1           1           1           2           1           2           1           1           1           3           1           2           1           1           1           2           1           2           5           4           5           4           6           5           5           4           6           5           5           6           5           6           7      15       8       5      13      14      24      33      71
           4           1         334           1          15           4           9           3           3           3           2           2           1           4           1           1           1           2           2           3           1           1           1           2           1           2           1           1           1           1           1           1           5           3           4           1           2           1           2           6           4           2           2           2           3           2           7      12       9       8      17      12      12      15      39
           4           1         335           2          15           4           9           3           3           3           1           2           1           1           2           1           1           3           1           1           1           1           1           3           1           2           1           1           1           1           1           1           5           4           4           2           6           1           5           4           4           4           4           4           4           2           8      13       8       5      13      13      18      22      53
           4           1         336           1          15           4           9           2           2           1           2           1           2           1           2           1           1           3           1           1           2           3           3           2           1           2           1           1           1           3           1           2           5           4           6           2           6           6           5           4           6           6           6           3           2           3           7      17       9       8      17      15      23      26      64
           4           1         337           2          15           4           9                                   4           2           1           1           2           1           2           1           3           1           1           1           1                       2           1           2           1           1                       2           1           2           6           5           6           2           3                       6           5           5           5           6           6           4           5           9               7       7      14      17              31        
           4           1         338           2          15           4           9           3           3           3           2           2           2           1           2           2           1           3           1           2           1           3           3           2           1           2           1           1           2           3           1           2           6           4           5           1           6           6           6           5           5           4           4           5           5           6           7      18      10       8      18      15      24      29      68
           4           1         339           2          14           4           9           3           3           3           2           1           1           2           2           1           1           3           1           2           1           1           2           3           1           1           2           1           2           3           1           1           5           4           5           5           6           5           5           5           6           6           6           6           5           6          10      17       9       6      15      14      26      35      75
           4           1         340           2          15           4           9           2           3           3           2           2           1           2           3           3           2           2           3           1           1           3           3           3           2           2           2           1           2           2           1           3           5           4           4           3           2           2           3           3           4           2           4           3           4           5           7      21      10      11      21      13      13      22      48
           4           1         341           2          15           4           9           1           1           3           2           2           1           1           0           1           1           1           1           1           1           1           2           3           2           2           1           1           1           2           1           1           5           3           6           1           6           3           2           6           5           4           5           5           5           6           8      16       4       5       9      14      18      30      62
           4           1         342           2          15           4           9           3           2           3           2           2           1           2           3           1           1           2           2           1           1           2           2           3           1           2           1           1           1           2           1           1           5           4           3           1           6           5           5           3           5           5           4           4           3           6           8      15       9       7      16      12      20      27      59
           4           1         343           1          15           4           9           1           1           3           1           2           2           2           1           1           1           2           1           2           3           3           2           1           2           2           2           1           1           2           1           3           6           4           6           6           6           5           6           4           5           6           6           6           6           6           9      17       8      10      18      16      27      35      78
           4           1         344           1          15           4           9           1           6           2           2           2           2           1           1           1           1           2           1           2           1           1           1           1           1           2           1           1           1           1           1           1           5           5           6           4           5           5           4           4           5           5           5                       5           5           9      11       8       5      13      16      22                
           4           1         345           1          15           4           9           2           1           3           2           2           1           2           2           2           1           2           2           1           1           3           2           2           2           2           1           1           1           2           1           3           4           4           5           4           5           2           4           5           6           6           5           6           6           6           8      17       8       9      17      13      20      35      68
           4           1         346           1          15           4           9           3           3           2           2           2           2           2           2           1           2           2           1           1           1           1           1           1           1           2           1           1           1           3           1           1           5           5           2           5           3           4           4           4           4           4           4           4           4           4           7      13       8       7      15      12      20      24      56
           4           1         347           2          15           4           9           2           1           3           2           2           4           4           2           3           2           4           1           3           2           3           2           3           2           2           1           1           1           3           1           1           5           5           5           3           5           2           5           4           4           5           5           2           3           4           7      17      14      14      28      15      19      23      57
           4           1         348           1          15           4           9           3           2           3           2           2           2           2           1           2           1           3           1           1           1           2           3           3           2           3           1           1           1           2           4           2           5           5           5           2           6           4           5           4           3           6           3           2           3           6           6      22       8       8      16      15      21      23      59
           4           1         349           2          15           4           9           2           1           3           2           1           2           2           1           1           1           2           3           1           1           2           1           3           2           2           2           1           1           3           1           2           4           3           4           2           6           5           6           6           5           5           5           4           5           4           5      18       9       7      16      11      25      28      64
           4           1         350           1          15           4           9           3           2           3           1           2           2           1           1           1           1           1           1           1           1           1           2           2           1           2           1           1           1           1           1           1           6                       6           3           6           6           6           6           6           6           6           5           5           5           9      13       6       5      11              27      33        
           4           1         351           2          15           4           9           1           1           1           1           1           3           3           3           3           2           3           2           2           3           2           4           4           4           3           4           2           4           4           4           4           1           1           1           1           5           4           2           1           1           4           4           2           1           1           6      37      13      13      26       3      13      13      29
           4           1         352           1          15           4           9           3           2           3           2           2           1           2           2           2           3           1           2           2           3           3           2           2           3           2           2           1           3           3           1           2           4           4           5           3           5           5           4           4           5           4           5           4           3           4           7      21       8      13      21      13      21      25      59
           4           1         353           1          15           4           9           1           6           3           2           2           1           3           2           2           1           1           1           1           3           2           2           2           2           2           1           2           2           2           1           1           4           6           6           3           6           3           5           4           5           6           4           4           4           5           8      17       6      11      17      16      21      28      65
           4           1         354           1          15           4           9           6           2           4           1           2           1           1           1           4           1           4           4           4           2           4           4           4           4           4           4           4           4           4           4           4           4           3           2           3           5           4           4           6           3           5           6           5           4           4           6      40      14      12      26       9      22      27      58
           4           1         355           2          15           4           9           2           1           6           2           2           2           4           2           4           3           1           1           2           4           4           2           3           2           1           1           1           1           1           1           3           5           5           6           3           6           6           5           6           6           5           5           4           6           1           8      16       8      19      27      16      26      27      69
           4           1         356           2          14           4           9           2           2           3           2           2           2           1           2           3           1           2           1           2           1           3           2           4           3           2           2           1           3           1           3           3           5           4           4           3           5           3           2           1           3           4           6           5           4           4           7      24       9       9      18      13      14      26      53
           4           1         357           2          15           4           9           6           6           2           2           2           3           2           3           3           1           3           2           2           4           3           3           3           3           2           2           2           3           4           3           4           6           4           5           4           6           5           5           4           3           5           6           4           3           3           8      29      13      13      26      15      24      24      63
           4           1         358           2          14           4           9           2           2           6           2           2           2           3           3           2           1           2           1           2           2           1           2           2           3           2           2           1           3           3           1           1           3           5           5           4           4           4           4           4           5           6           6           6           4           5           8      20      10       9      19      13      20      32      65
           4           1         359           1          15           4           9           3           2           3           2           2           1           4           2           1           1           2           2           1           4           3           2           1           3           1           3           4           2           1           1           1           5           4           2           3           5           6           5           2           5           6           6           2           5           5           9      19       8      13      21      11      21      29      61
           4           1         360           1          14           4           9           2           1           3           2           1           2           2           2           2           1           1           2           1           1           2           2           3           2           2           2           2           3           1           2           2           5           4           5           3           5           5           5           3           4           4           5           4           4           5           7      21       8       8      16      14      21      26      61
           4           1         361           2          14           4           9           3           2           3           2           2           3           2           2           2           1           2           2           2           1           2           2           2           4           2           1           1           3           2           1           2           5           5           5           4           3           2           2           2           2           4           5           5           5           6           6      20      11       8      19      15      13      27      55
           4           1         362           2          15           4           9           3           2           3           2           2           2           3           2           4           4           3           2           3           3           4           2           3           2           2           1           1           2           2           2           3           2           2           2           1           1           3           5           5           5           4           5           4           2           4           7      20      12      18      30       6      15      24      45
           4           1         363           2          14           4           9           1           2           1           2           2           4           3           1           1           4           4           4           4           3           4           3           4           4           4           4           4           4           4           4           4           1           1           1           1           6           5           1           2           1           1           5           1           1           1           2      39      17      15      32       3      15      10      28
           4           1         364           2          15           4           9           4           3           3           2           2           4           4           2           4           3           4           3           4           4           3           3           4           4           4           4           3           4           4           4           3           3           2           2           1           4           2           2           2           1           2           4           5           1           1           4      37      17      18      35       7      11      14      32
           4           1         365           1          15           4           9           3           1           3           2           2           2           2           1           1           1           2           1           2           1           1           1           2           1           2           2           2           1           2           1           2           5           4                       2           6           3           5           4           5           5           5           4           4           2           8      16       8       6      14              20      25        
           4           1         366           1          16           4           9           1           2           2           2           1           2           3           1           3           1           2           1           2           3           3           2           3           3           3           2           1           1           2           1           2           5           5           5           3           6           4           5           5           5           5           6           4           4           4           8      20       8      13      21      15      23      28      66
           4           1         367           2          15           4           9                                   2           2           1           2           2           1           1           1           2           1           1           1           2           1           3           1           2           1           1           1           2           1           1           5           5           6           3           6                       3           3           6           5           4           5           6           6           9      14       7       7      14      16              32        
           5           1         400           2          16           2           9           3           3           3           2           1           1           2           2           3           1           2           1           2           1           3           1           2           1           3           1           1           1           3           2           3           5           4           4           3           6           5           5           3           4           5           5           4           3           4           9      18       8      10      18      13      22      25      60
           5           1         401           2          16           2           9           1           1           2           1           2           1           3           3           3           3           4           3           3           4           4           3           3           4           4           3           3           4           3           3           4           5           4           5           4           5           1           5           1           4           5           6           5           6           4           9      34      14      17      31      14      16      30      60
           5           1         402           2          16           2           9           1           1           3           2           1           3           2           2           2           1           3           3           1           1           4           3           4           4           3           3           2           4           3           4           4           4           3           3           3           6           4           3           3           1           3           4           4           2           2           4      34      12      10      22      10      19      16      45
           5           1         403           1          16           2           9           2           2           3           1           1           1           2           2           1           1           2           1           1           1           1           1           3           1           2           1           1           1           2           1           2           6           6           6           5           5           5           6           5           6           5           6           5           6           5          10      15       7       6      13      18      26      33      77
           5           1         404           2          16           2          10           1           1           1           2           2           3           2           3           2           3           3           2           3           3           2           4           4           4           3           2           3           2           3           3           2           6           2           5           6           2           1           2           4           3           4           6           6           6           4           8      30      14      12      26      13      15      29      57
           5           1         405           1          16           2           9           1           1           3           1           2           1           2           1           2           1           2           1           2           1           1           1           2           1           2           1           2           1           2           1           1           4           4           2           3           5           5           4           4           3           5           4           4           3           2           7      14       7       7      14      10      21      21      52
           5           1         406           2          16           2           9           1           1           3           1           2           3           3           1           3           3           4           3           2           4           4           2           2           2           1           1           1           1           1           1           1           4           3           3           4           5           1           2           3           6           5           4           6           6           6          10      13      13      17      30      10      15      33      58
           5           1         407           2          16           2           9           1           1           3           2           1           1           2           2           3           2           4           3           3           2           3           4           4           3           4           3           2           4           4           3           3           3           3           1           2           2           1           2           1           2           2           3           3           2           1           7      34      13      12      25       7       8      13      28
           5           1         408           2          16           2           9           1           1           2           2           1           1           1           3           3           1           1           1           2           1           3           1           2           4           2           1           1           1           2           1           3           4           4           1           1           1           1           4           1           3           2           3           4           1           4           9      18       8       9      17       9       8      17      34
           5           1         409           2          17           2          10           1           3           2           1           1           2           3           3           2           3           2           1           2           3           3           2           3           3           2           1           1           3           3           4           3           4           3           4           3           5           3           5           1           5           5           5           5           5           4           8      25      10      14      24      11      17      29      57
           5           1         410           1          17           2          10           1           1           3           2           1           1           4           2           2           1           2           2           1           3           2           3           1           2           1           1           2           1           2           1           2           3           3           1           3           4           3           2           3           2           4           3           2           6           3           6      16       8      12      20       7      15      20      42
           5           1         411           1          17           2          10           4           1           2           2           2           1           2           2           2           1           1           3           2           2           2           2           3           3           2           2           2           2           2           1           2           4           4           3           2           3           2           3           3           4           3           3           4           4           4           3      21       9       9      18      11      13      22      46
           5           1         412           1          17           2          10           1           1           3           2           1           2           4           3           1           1           2           1           2           2           1           2           2           2           2           2           1           2           1           1           2           5           4           3           2           6           2           1           6           4           3           5           6           4           4           7      17      10       9      19      12      17      26      55
           5           1         413           1          18           2          10           1           2           3           2           1           2           3           3           3           1           2           3           4           3           2           3           4           2           3           3           3           2           2           3           4           2           2           2           2           5           1           2           3           2           2           2           3           2           2                  29      14      12      26       6      13      13      32
           5           1         414           2          17           2          10           1           1           2           1           1           1           2           2           2           2           3           3           3           3           3           3           3           4           3           2           3           4           3           1           4           4           4           4           3           5           1           5           4           4           5           4           5           3           4           7      30      12      12      24      12      18      25      55
           5           1         415           2          16           2          10           1           1           2           2           2           1           2           2           2           1           3           2           1           1           2           3           4           2           3           3           4           3           2           2           1           3           2           3           1           5           4           5           5           5           6           4           4           4           6           8      27       9       8      17       8      20      29      57
           5           1         416           1          18           2          10           2           1           3           2           2           1           2           2           1           1           1           2           1           1           1           3           3           2           3           2           1           1           1           3           3           5           5           5           2           5           2           2           6           4           2           3           2           4           2           4      22       7       6      13      15      17      17      49
           5           1         417           2          18           2          10           3           2           3           2           2           2           4           4           3           1           3           2           4           3           3           4           4           4           4           3           4           4           4           4           4           2           3           2           3           4           2           3           6           2           5           4           2           4           3           6      39      15      14      29       7      18      20      45
           5           1         418           1          17           2          10           2           2           3           2           2           1           1           1           2           1           2           1           1           1           1           1           2           1           1           1           1           1           1           2           1           4           3           3           4           4           3           4           3           5           5           5           4           4           3           6      12       6       6      12      10      18      26      54
           5           1         419           1          17           2          10           2           1           3           2           2           2           3           2           2           1           3           3           3           1           2           2           3           3           2           2           2           3           3           2           2           5           4           5           2           6           4           4           1           4           4           5           2           5           4           7      24      13       9      22      14      17      24      55
           5           1         420           1          18           2          10           2           1           5           2           2           1           2           1           2           1           1           1           2           1           2           2           3           3           2           1           1           1           2           1           1           5           5           5           2           6           3           2           1           5           4           5           5           5           5           7      17       6       8      14      15      14      29      58
           5           1         421           2          17           2          10           1           1           2           2           2           2           1           1           1           1           2           2           2           2           1           1           1           1           1           2           1           1           1           1           2           5           3           5           2           1           5           5           3           6           5           5           5           5           5           6      12       9       6      15      13      16      31      60
           5           1         422           1          16           2           9           1           1           2           2           2           3           2           2           3           1           3           3           2           2           3           3           4           3           3           3           3           3           4           4           4           2           2           1           2           2           2           2           3           2           5           2           2           4           3           1      34      13      11      24       5      11      18      34
           5           1         423           1          16           2           9           1           1           2           2           1           2           3           2           1           1           3           2           2           3           1           2           3           4           2           2           2           4           3           3           2           5           4           6           4           6           5           5           2           6           5           5           2           6           5           7      27      11       9      20      15      22      29      66
           5           1         424           2          16           2           9           1           1           3           2           2           2           3           2           2           1           3           3           2           1           3           3           4           4           3           3           2           2           2           3           4           2           2           1           1           5           2           3           2           1           1           3           2           1           2           6      30      12      10      22       5      13      10      28
           5           1         425           1          16           2          10           1           1           3           1           2           2           3           1           3           1           2           2           3           1           2           3           3           4           3           2           2           3           3           2           4           4           4           5           4           6           4           3           6           4           5           3           4           4           5           7      29      10      10      20      13      23      25      61
           5           1         426           2          17           2           9           3           6           3           2           1           3           2           2           3           3           3           3           2           3           4           3           2           4           3           3           1           2           3           4           3           4           2           2           3           3           4           4           3           1           5           3           4           3           3           4      28      13      15      28       8      17      19      44
           5           1         427           2          15           2          10           1           1           3           2           2           2           3           1           2           1           2           1           1           3           3           2           3           3           1           1           2           1           1           1           3           5           4           6           4           6           3           3           3           6           4           5           6           6           4           9      18       7      12      19      15      19      31      65
           5           1         428           2          17           2          10           1           1           4           2           2           1           3           4           4           2           2           1           3           4           4           3           3           2           4           1           2           1           3           1           4           4           3           2           1           5           1           5           5           2           3           5           4           5           3           7      24      11      17      28       9      17      22      48
           5           1         429           1          18           2          10           1           1           3           1           2           4           1           3           2           1           4           4           2           3           2           3           4           4           3           1           1           1           4           4           4           4           6           6           4           6           4           4           6           5           5           6           6           6           3           6      29      17       9      26      16      24      31      71
           5           1         430           1          16           2          10           1           1           2           2           1           1           1           1           3           1           2           2           1           1           3           2           3           3           3           2           1           1           2           1           2           6           6           6           5           6           1           1           4           5           5           6           4           6           6           8      20       7       9      16      18      17      32      67
           5           1         431           2          17           2          10           2           1           4           2           2           1           3           2           3           3           3           1           2           4           4           2           3           4           2           1           1           4           1           1           3           5           5           5           6           6           5           4           3           6           6           6           6           6           6          10      22       9      17      26      15      24      36      75
           5           1         432           1          17           2          10           1           1           2           2           2           1           2           2           4           1           4           1           2           1           3           2           3           3           4           1           1           1           2           1           1           4           3           3           2           2           1           2           3           5           5           2           2           5           2           8      19      10      11      21      10      10      21      41
           5           1         433           2          17           2          10           1           2           3           1           1           1           3           3           3           3           3           3           1           3           3           4           4           3           4           4           4           2           3           3           3           3           4           2           2           2           1           5           5           4           2           4           4           4           5           8      34      11      15      26       9      15      23      47
           5           1         434           2          17           2          10           1           1           3           2           1           2           4           2           4           1           2           2           2           4           4           2           2           2           3           1           1           1           2           1           3           5           5           5           2           6           3           4           5           5           5           6           4           5           6           8      18      10      17      27      15      20      31      66
           5           1         435           2          17           2          10           1           1           2           2           2           2           2           2           3           3           3           3           4           4           3           4           4           4           4           3           3           4           3           3           4           4           5           4           3           6           1           3           1           2           3           6           6           4           2          10      36      14      15      29      13      14      23      50
           5           1         436           1          16           2          10           1           6           2           2           2           1           3           1           1           1           2           1           1           2           1           2           1           1           1           1           1           1           2           1           1           6           6           6           1           4           1           2           4           5           2           4           1           5           5           8      12       6       8      14      18      12      22      52
           5           1         437           1          17           2          10           1           1           3           1           1           2           4           4           2           1           2           2           2           4           2           2           3           2           2           3           2           1           2           1           3           5           4           3           3           5           4           5           5           6           5           5           5           4           4           7      21      12      13      25      12      22      29      63
           5           1         438           2          16           2          10           2           1           1           2           2           2           1           1           1           1           2                       1           1           2           2           3           1           1           1           1           1           2           1           1           5           4           4           2           5           1           2           1           4           5           3           2           4           3           8      14               6              13      11      21      45
           5           1         439           1          17           2          10           1           1           2           2           2           1           3           3           3           1           3           1           2           3           3           4           4           2           3           2           1           2           3           1           1           5           5           4           3           6           1           1           6           4           4           6           3           6           5           8      23      10      13      23      14      17      28      59
           5           1         440           2          17           2          10           2           2           1           2           1           1           1           3           2           1           3           3           2           3           2           4           4           3           4           1           1           2           3           3           2           5           4           4           1           5           3           3           5           5           5           4           2           3           5           8      27      12       9      21      13      17      24      54
           5           1         441           1          18           2          10           3           2           1           1           2           1           3           3           3           1           2           1           1           3           2           2           3           3           2           2           1           3           2           1           3           5           5           4           3           4           2           6           3           5           4           5           5           4           2           7      22       8      12      20      14      18      25      57
           5           1         442           1          17           2          10           2           3           2           2           2           2           3           3           4           1           3           2           3           3           3           3           4           4           3           2           2           2           3           1           3           3           2           1           3           4           4           4           5           2           5           3           3           2           3           4      27      13      14      27       6      20      18      44
           5           1         443           1          17           2          10           1           1           1           2           2           1           2           1           2           1           2           1           1           2           2           3           3           2           2           3           1           1           2           2           1           5           5           5           2           4           5           5           5           6           6           3           5           6           6           8      20       6       9      15      15      21      32      68
           5           1         444           2          18           2          10           1           1           3           2           1           1           3           3           2           1           3           3           2           3           1           1           1           3           3           2           1           1           2           4           1           5           5           5           6           6           2           5           4           2                       6           6           3           6           6      19      12      10      22      15      23                
           5           1         445           2          15           2          10           1           1           3           2           2           2           3           1           3           3           4           1           3           4           1           3           4           3           4           3           4           4           3           4           4           3           3           3           1           5           1           2           3           2           2           2           3           2           1           5      36      11      14      25       9      12      12      33
           6           2         500           2          17           4          11           2           1           3           1           1           2           3           3           3           1           3           2                       1           3           2           3           4           3           2           3           2           4           4           4           5           3           4           4           5           1           2                       2           4           5           5           4           5           7      31              11              12              25        
           6           2         501           2          17           4          11           3           2           3           2           1           2           3           1           2           3           3           1           2           4           4           3           3           3           2           2           2                       3           2           2           5           4           4           1           6           3           4           4           4           4           4           4           3           2           8               9      16      25      13      18      21      52
           6           2         502           2          17           4          11           3           4           3           2           1           3           3           2           2           1           4           2           2           1           2           4           4           4           4           4           3           4           3           2           4           3           3           4           5           3           2           3           2           2           2           2           3           3           3           7      36      13       9      22      10      15      15      40
           6           2         503           2          17           4          11           3           2           3           2           2           1           3           1           2           1           1           1           1           2           2           2           2           4           3           1           1           3           2           1           2           1           2           1           1           6           2           2           5           4           5           4           2           3           3           3      21       5      10      15       4      16      21      41
           6           2         504           2          17           4          11           1           1           2           2           1           3           3           2           3           1           3           4           3           2           2           4           3           3           3           2           1           2           3           4           4           3           2           3           1           4           1           3           1           4           4           4           5           2           2           7      29      15      11      26       8      10      21      39
           6           2         505           2          16           4          11           1           1           2           2           2           1           4           2           2           1           2           1           2           4           2           2           3           2           2           1           1           1           2           2           3           5           4           6           5           5           4           5           4           5           5           5           5           5           5           8      19       8      13      21      15      23      30      68
           6           2         506           2          17           4          11           1           3           3           2           1           2           4           2           3           2           2           1           2           3           2           2           2           3           2           1           1           3           2           1           2           5           3           5           2           4           3           4           2           5           4           6           4           5           4           7      19       9      14      23      13      15      28      56
           6           2         507           1          17           4          11           2           1           2           2           1           2           1           3           1           1           2           1           2           1           1           2           2           1           2           1           1           1           3           1           3           5           4           6           3           6           2           5           3           5           5           6           4           5           5           7      17      10       5      15      15      19      30      64
           6           2         508           1          17           4          11           1           1           3           2           1           1           3           1           2           1           3           1           3           1           4           4           4           3           4           1           1           1           3           1           1           5           6           6           3           6           1           2           2           1           1           2           2           1           3           6      23       9      11      20      17      14      10      41
           6           2         509           2          17           4          11           1           1           2           2           2           1           4           3           3           1           3           2           2           3           4           2           4           1           4           2           2           1           4           1           3           4           4           4           2           3           3           4           4           4           4           5           5           5           5           8      24      11      15      26      12      16      28      56
           6           2         510           1          17           4          11           1           1           3           2           1           2           3           2           1           2           2           1           1           2           2           2           2           3           3           2           1           1           2           1           2           5           5           6           3           6           5           2           4           6           4           4           4           4           6           9      19       8      10      18      16      20      28      64
           6           2         511           2          17           4          11           1           1           3           2           1           2           4           3           4           3           4           1           1           3           3           4           4           4           4           4           3           4           4           4           4           5           5           5           3           6           2           4           4           4           5           5           5           4           4           8      39      11      17      28      15      19      27      61
           6           2         512           1          17           4          11           3           1           3           2           2           2           2           2           2           1           3           2           1           1           3           2           3           3           3           2           2           1           2           1           4           4           4           5           4           6           4           2           3           5           3           3           3           5           5           7      23      10       9      19      13      19      24      56
           6           2         513           2          16           4          11           3           2           4           1           1           4           3           3           2           1           2           4           4           4           3           4           2           4           3           4           2           4           4           4           4           3           2           2           2           1           1           6           5           2           6           2           2           3           1           2      35      17      13      30       7      15      16      38
           6           2         514           2          17           4          11           2           1           3           2           2           1           2           1           1           1           2           3           3           1           2           1           2           2           1           1           1           1           2           2           1           5           4           2           2           5           4           5           4           5           5           6           5           5           5           7      14      10       7      17      11      20      31      62
           6           2         515           2          17           4          11           3           1           3           2           2           2           2           2           1           1           2           2           2           2           1           2           2           2           3           2           1           1           2           1           2           5           5           5           5           2           3           4           3           5           5           4           4           5           5           7      18      10       7      17      15      17      28      60
           6           2         516           1          17           4          11           2           2           3           2           1           2           3           1           2           1           3           2           1           1           2           2           2           3           2           2           1           2           4           2           4           4           4           4           3           3           1           2           2           5           5           5           4           4           5           6      24       9       9      18      12      11      28      51
           6           2         517           1          17           4          11           1           1           2           2           1           3           3           2           1           1           3           3           3           2           1           2           1           2           1           1           1           1           2           1           2           5           5           5           2           4           3           4           4           5           4           4           4           6           4           8      14      14       8      22      15      17      27      59
           6           2         518           1          17           4          11           2           2           2           2           2           2           1           1           2           1           3           1           2           1           2           2           2           1           2           1           3           1           2           1           2           6           5           6           4           6           5           5           5           4           5           6           4           6           5           9      17       9       7      16      17      25      30      72
           6           2         519           1          16           4          11           4           1           2           2           1           1           1           1           1           1           3           1           2           1           1           1           4           2           4           2           1                       2           2           1           6           5           6           1           5           1                                   6           5           5           2           6           2           7               8       5      13      17              26        
           6           2         520           2          18           4          11           3           3           3           2           2           3           3           3           4           1           3           3           2           1           4           3           4           2           3           2           2           1           4           2           3           4           3           5           1           5           2           3           1           5           5           5           5           5           5           8      26      14      13      27      12      12      30      54
           6           2         521           2          17           4          11           3           1           3           1           1           2           1           1           2           1           2           1           2           2           1           4           3           3           2           2           1           2           2           2           4           5           4           4           3           6           3           3           3           4           4           4           4           5           4           7      25       8       7      15      13      18      25      56
           6           2         522           2          18           4          11           3           3           3           2           1           2           2           3           3           1           3           2           2           3           3           1           2           2           2           2           2           2           2           2           2           4           4           4           4           4           2           1           3           4           3           2           3           3           2           5      19      12      12      24      12      14      17      43
           6           2         523           1          17           4          11           1           1           3           2           2           1           3           2           2           2           2           1           3           3           1           2           3           2           2           2           2           3           2           1           2           4           4           4           4           4           4           4           4           4           4           4           4           4           4                  21       9      11      20      12      20      24      56
           6           2         524           2          17           4          11           1           1           2           2           1           1           2           3           3           3           4           2           3           4           4           4           4           4           4           1           4           3           4           2           4           5           5           6           5           6           1           2           3           4           5           6           6           6           6           7      34      13      16      29      16      17      33      66
           6           2         525           1          17           4          11           2           2           2           2           1           1           1           1           1           2           3           1           1           1           1           1           2           1           3           1           2           1           2           1           3           5           4           6           1           2           2           2           1           6           2           4           6           5           3           7      17       7       6      13      15       8      26      49
           6           2         527           1          18           4          11           3           3           4           2           2           3           2           3           1           1           1           1           3           4           2           2           4           1           2           1           1           1           2           1           2           4           3           4           1           5           2           3           3           4           2           5           2           4           2           6      17      11      10      21      11      14      19      44
           6           2         527           1          17           4          11           1           1           2           2           2           2           2           1           2           1           2           2           1           1           2           2           2           1           1           1           1           1           1           3           3           3           2           2           2           4           1           2           3           2           2           2           3           2           2           6      16       8       8      16       7      12      13      32
           6           2         528           1          17           4          11           2           2           2           2           2           1           2           1           4           1           1           3           2           3           4           1           3           1           1           1           2           1           2           1           3           4           5           5           3           5           2           2           1           6           5           6           6           6           5           7      16       8      14      22      14      13      34      61
           6           2         529           1          17           4          11           1           1           2           2           2           3           2           2           2           1           2           2           2           1           1           3           3           3           4           2           1           1           3           2           3           4           3           2           3           4           1           2           1           2           2           3           3           5           4           6      25      11       7      18       9      11      19      39
           6           2         530           1          17           4          11           1           1           1           2           1           1           1           1           2           1           4           4           3           2           1           3           2           2           3           1           2           3           2           4           4           4           6           6           1           2           1           1           2           2           1           6           1           3           2           6      26      13       7      20      16       7      15      38
           7           2         550           2          16           4          10           2           1           2           2           2           2           3           2           2           3           3           3           2           3           3           4           3           3           2           2           2           1           3           3           3           4           2                       1           3           2           4           3           2           2           4           3           3           3           6      26      12      14      26              13      17        
           7           2         551           2          16           4          10           2           2           2           2           2           2           1           1           1           1           1           1           1           1           2           1           1           1           1           1           1           1           1           1           1           5           4           5           3           6           4           3           3           5           5           5           3           4           5           7      10       6       6      12      14      19      27      60
           7           2         552           1          16           4          10           3           2           3           2           1           1           1           2           2           3           4           2           1           4           2           2           1           3           1           3           4           4           2           1           3           6           6           6           6           6           6           6           6           6           6           6           6           6           6           6      24      10      12      22      18      30      36      84
           7           2         553           2          16           4          10           1           1           3           2           2           2           4           1           2           1           1           1           2           3           3           3           4           4           3           3           1           4           4           1           1           4           5           5           4           6           3           2           2           5           6           4           4           5           5           7      28       7      13      20      14      17      29      60
           7           2         554           1          16           4          10           2           2           3           2           2           1           1           2           2           3           1           2           4           1           2           1           1           1           1           1           1           1           1           1           1           6           6           6           6           6           6           6           6           6           6           6           6           6           6           6      10      10       9      19      18      30      36      84
           7           2         555           2          16           4          10           1           1           2           2           2           2           3           2           2           1           3           1           1           1           3           2           1           3           3           1           1           2           2           3           2           5           5           4           4           5           3           3           2           5           5           6           5           4           4           7      20       9      10      19      14      17      29      60
           7           2         556           2          16           4          10           1           1           2           2           2           2           3           1           2           1           2           1           1           1           2           2           2           2           2           1           1           1           1           1           1           5           4           5           4           6           4           4           4           5           5           6           4           5           6           9      14       7       9      16      14      22      31      67
           7           2         557           1          16           4          10           1           1           3           2           2           2           2           1           1           1           3           1           2           2           1           1           2           2           2           1           1           2           2           1           2           4           4           4           3           6           5           5           4           5           4           4           5           4           5           9      16       9       7      16      12      23      27      62
           7           2         558           1          16           4          10           1           1           3           2           2           2           3           2           1           1           1           1           2           1           1           2           3           2           2           1           1           1           1           1           2           5           4           4           3           5           3           3           3           4           5           6           6           6           2           7      16       8       7      15      13      17      29      59
           7           2         559           2          17           4          10           1           1           3           2           2           1           2           3           1           1           2           1           2           1           1           2           3           2           3           1           2           2           1           2           1           5           5           5           3           6           4           4           6           5           5           6           5           4           5           7      19       9       6      15      15      23      30      68
           7           2         560           2          16           4          10           2           2           3           1           2           2           2           4           1           1           4           1           4           2           1           2           4           4           4           4           4           4           4           2           4           2           1           2           4           6           5           2           2           2           2           6           6           6           3           6      36      15       7      22       5      19      25      49
           7           2         561           2          17           4          10           1           1           3           2           2           1           2           1           1           2           2           1           1           1           2           1           1           1           1           1           1           1           1           1           1           6           5           6           5           6           5           6           6           6           5           6           6           6           6           9      10       6       8      14      17      28      35      80
           7           2         562           2          16           4          10           1           1           3           2           1           2           2           1           2           1           2           2           3           2           2           4           4           4           4           3           4           4           4           3           4           6           5           6           2           6           5           2           3           5           5           5           4           4           6           7      38      10       9      19      17      18      29      64
           7           2         563           2          16           4          10           3           1           2           1           2           2           2           3           1           1           3           1           2           2           2           2           3           3           2           1           1           2           3           1           2           5           4           6           2           6           1           3           3           4           6           6           4           5           4           9      20      11       8      19      15      15      29      59
           7           2         564           1          16           4          10           1           1           2           2           2           2           2           2           1           4           2           4           3           4           3           3           3           4           4           3           4           3           3           2           3           6           6           1           5           6           1           1           1           5           5           3           5           2           4           7      32      13      14      27      13      14      24      51
           7           2         565           2          16           4          10           3           1           3           1           2           3           3           3           3           2           1           1           3           2           3           2           2           3           3           1           1           4           1           2           2           4           3           6           2           5           3           6           2           5           4           6           5           4           5           7      21      11      13      24      13      18      29      60
           7           2         566           2          16           4          10           1           1           2           2           2           2           2           3           1           2           3           1           2           2           1           2           3           4           3           1           1           3           2           2           3           5           5           6           3           6           1           4           1           5           5           5           6           6           5           8      24      11       8      19      16      15      32      63
           7           2         567           2          16           4          10           1           1           3           2           2           2           2           3           3           1           2           4           2           3           3           3           2           2           2           2           3           3           2           1           1           5           5           5           6           6           5           3           2           4           6           5           6           6           6           6      21      13      12      25      15      22      33      70
           7           2         568           2          15           4          10           2           1           3           2           1           2           3           2           1           1           2           1           1           1           2           1           2           3           2           2           2           3           2           1           2           4           3           3           1           6           6           5           4           3           3           5           4           4           3           7      20       8       8      16      10      22      22      54
           7           2         569           2          16           4          10           1           2           2           2           1           2           2           1           1           1           2           2           1           1           2           2           2           2           2           1           1           1           2           1           1           4           3           5           1           2           1           2           1           2           4           6           2           3           2           8      15       8       7      15      12       7      19      38
           7           2         570           2          16           4          10           3           1           3           1           2           2           1           1           1           1           1           2           1           1           2           1           3           2           2           1           1           1           2           1           1           5           5           6           5           6           6           5           6           6           6           6           6           6           6           5      15       7       6      13      16      28      36      80
           7           2         571           2          16           4          10           1           1           1           2           1           1           2           2           2           1           2           1           2           1           3           2           2           1           1           2           1           1           2           1           1           5           4           5           2           6           5           5           4           5           5           6           3           5           5           9      14       8       9      17      14      22      29      65
           7           2         572           2          17           4          10           1           2           2           2           2           1           1           1           1           1           2           1           1           1           1           1           1           4           4           4           1           1           1           1           1           4           1           1           1           1           1           1           2           1           1           2           2           1           5           7      19       6       5      11       6       6      12      24
           7           2         573           1          16           4          10           2           1           3           1           2           1           3           2           2           1           1           1           2           2           3           2           3           1           4           1           1           1           1           1           1           6           6           6           4           5           1           3           1           6           6           6           3           4           6           7      16       7      11      18      18      14      31      63
           7           2         574           2          16           4          10           1           2           2           2           1           2           3           1           1           2           2           3           2           2           2           2           2           3           2           1           1           2           1           2           1           6           4           4           5           6           3           2           4           4           6           6           6           6           5           7      17      10      10      20      14      20      33      67
           7           2         575           2          16           4          10           1           1           3           2           2           2           2           2           2           1           3           2           3           1           2           2           4           3           2           1           1           1           2           1           1           4           3           3                                   1           2           1           4           5           5           3           5           3           7      18      12       8      20      10              25        
           7           2         576           2                       4          10           2           1           2           2           1           2           3           1           1           1           3           2           1           2           3           2           1           2           3           2           1           4           3           1           1           4           4           5           3           2           3           4           3           5           5           6           3           4           4           5      20       9      10      19      13      15      27      55
           7           2         577           2          16           4          10           2           1           2           2           2           3           2           2           2           1           4           3           3           3           2           3           3           3           3           3           2           4           2           2           3           4           4           2           2           6           2           3           1           2           2                       4           2           1           4      28      15      10      25      10      14                
           7           2         578           2          16           4          10           1           1           3           2           2           1           2           3           2           1           2           3           3           1           2           2           3           3           2           1           1           1           2           1           3           4           5           4           3           6           5           2           1           5           5           5           4           5           3           6      19      12       8      20      13      17      27      57
           7           2         579           1          17           4          10           2           2           2           2           1           1           2           3           1           1           2           2           2           1           1           2           3           2           2           1           2           1           2           3           4           3           4           5           4           2           1           1           2           4           5           3           2           3           2           7      22      10       6      16      12      10      19      41
           8           2         121           2          15           4           9           2           2           4           2           2           1           3           1           4           1           2           3           1           1           4           4           3           3           2           2           1           3           2           3           2           5           4           5           2           6           4           1           1           5           5           6           3           1           2           6      25       8      13      21      14      14      22      50
           8           2         122           2          15           4           9           2           1           2           2           2           2           1           3           1           1           2           1           1           2           2           2           3           2           3           1           2           3           3           1           1           5           4           5           2           5           5           5           4           5           5           5           4           4           4           5      21       9       7      16      14      21      27      62
           8           2         123           2          15           4           9           2           2           3           2           2           2           2           1           2           1           2           1           2           3           3           2           2           3           1           1           1           4           2           2           1           5           5           5           2           2           2           5           5           6           5           6           5           4           5           7      19       8      11      19      15      16      31      62
           8           2         124           1          15           4           9           2           2           3           2           1           1           3           1           2           1           2           2           1           1           1           1           2           1           2           1           1           1           1           1           1           5           5           5           5           6           2           2           6           6           6           5           6           6           6          10      12       7       8      15      15      21      35      71
           8           2         125           2          16           4           9           1           1           2           2           2           2           2           1           1           1           2           2           2           2           2           2           3           2           2           1           1           2           1           2           1           6           5           5           1           6           5           5           4           5           5           5           5           5           5           8      17       9       8      17      16      21      30      67
           8           2         126           1          16           4           9           1           1           2           2           2           2           3           1           2           1           3           2           3           3           2           2           3           2           2           1           1           2           2           1           2           4           3           3           2           6           6           5           5           4           3           3           5           4           4           6      18      11      11      22      10      24      23      57
           8           2         127           2          14           4           9           6           2           3           2           1           1           3           1           2           3           3           1           2           2           3           2           4           3           3           2           2           3           3           1           4           5           4           5           4           6           3           2           4           5           4           6           4           5           5           7      27       8      13      21      14      19      29      62
           8           2         128           2          15           4           9           1           1           1           2           1           2           2           2           2           1           2           2           1           1           2           1           2           2           3           2           1           1           2           2           3           4           4           4           3           6           4           4           4           5           6           5           5           4           4           9      19       9       8      17      12      21      29      62
           8           2         129           2          15           4           9           3           2           3           2           2           2           2           1           3           1           2           1           2           2           3           4           3           3           2           1           2           4           3           3           3           4           3           3           1           3           1           3           3           3           5           4           3           4           5           6      28       8      11      19      10      11      24      45
           8           2         130           2          15           4           9           2           1           3           2           2           1           2           1           1           2           2           1           1           3           2           2           1           3           1           1           1           3           2           1           2           5           5           6           3           4           5           4           4           5           5           5           4           6           6           4      17       6      10      16      16      20      31      67
           8           2         131           2          15           4           9           2           3           2           1           2           1           1           1           1           1           2           1           2           1           1           1           4           1           2           2           1           1           3           1           2           5           5           2           4           6           6           5           6           6           5           4           5           6           5           8      18       7       5      12      12      27      31      70
           8           2         132           1          15           4           9           3           3           3           2           1           1           3           2           1           1           2           2           2           1           2           1           2           1           1           1           1           1           1           1           1           6           5           5           4           6           5           5           4           6           4           5           4           4           5           8      11       9       8      17      16      24      28      68
           8           2         133           2          14           4           9           2           1           3           2           1           2           3           2           2           1           2           2           2           3           2           3           4           3           3           3           2           4           3           2           2           2           3           3           3           5           2           4           2           3           6           4           3           3           3           5      29      10      11      21       8      16      22      46
           8           2         134           1          15           4           9           3           1           3           1           1           2           1           1           2           1           3           3           3           1           2           2           4           3           4           2           2           1           4           4           2           5           5           4           3           6           2           5           3           5           5           5           3           5           2           7      28      12       7      19      14      19      25      58
           8           2         135           2          15           4           9           3           6           2           2           1           2           3           3           2           1           4           1           4           2           3           2           3           2           3           1           2           3           4           4           3           3           4           3           1           2           1           5           4           3           5           5           3           2           3           5      27      14      11      25      10      13      21      44
           8           2         136           2          15           4           9           2           1           2           1           2           2           2           3           3           1           4           2           3           3           4           3           4           4           3           2           2           2           3           2           2           5           5           5           4           6           4           4           5           5           5           5           4           3           3           5      27      14      13      27      15      23      25      63
           8           2         137           2          15           4           9           3           2           3           2           2           3           2           3           3           1           3           4           4           2           4           3           4           3           3           2           2           3           2           2           3           3           3           1           1           2           1           2           2           5           5           4           4           2           3           4      27      17      12      29       7       8      23      38
           8           2         138           2          15           4           9           2           2           2           2           2           2           3           3           2           1           2           2           2           3           2           2           3           1           2           2           1           1           3           3           2           4           4           4           4           5           5           4           4           5           4           4           5           6           5           7      20      11      11      22      12      22      29      63
           8           2         139           1          15           4           9           3           2           2           2           2           1           2           1           1           2           3           2           2           1           2           2           2           3           3           3           2           2           3           4           3           5           5           6           3           6           5           5           5           5           5           6           5           5           4           7      27       9       8      17      16      24      30      70
           8           2         140           2          15           4           9           6           6           3           2           1           3           3           2           3           1           3           2           3           2           4           2           4           4           4           4           4           3           4           4           4           4           4           2           3           6           1           3           3           2           3           6           4           1           1           4      37      13      13      26      10      16      17      43
           8           2         141           1          15           4           9           3           2           3           2           2           1           1           1           1           1           1           1           1           1           1           1           1           1           2           1           1           1           2           1           1           4           5           6           1                       6           2           2           3           3           2           2           2           3           7      12       5       5      10      15              15        
           8           2         142           1          15           4           9           1           1           3           2           1           1           1           1           1           1           1           1           1           1           1           1           2           1           2           1           1           1           1           1           2           5           5           5           2           1                       4           4           4           4           3           3           3           3           8      13       5       5      10      15              20        
           8           2         143           2          15           4           9           1           1           2           1           2           2           3           3           4           4           3           2           3           3           4           3           4           4           4           2           1           3           3           4           4           4           4           4           5           6           4           5           5           4           6           6           5           4           5           4      32      13      18      31      12      25      30      67
           8           2         144           2          15           4           9           6           1           3           2           2           3           3           2           3           1           4           3           2           1           1           3           4           3           3           2           2           1           1           3           2           4           3           3           2           2           1           4           1           2           3           6           3           5           3           5      24      14       9      23      10      10      22      42
           8           2         145           2          15           4           9           3           3           3           2           2           2           3           1           2           1           3           2           3           1           3           4           4           3           4           3           1           3           2           4           2           5           4           4           1           4           1           1           2           3           5           4           4           3           3           7      30      11      10      21      13       9      22      44
           8           2         146           2          15           4           9           2           2           3           2           2           2           2           1           3           1           2           2           2           1           3           3           3           2           2           2           1           3           4           2           2           5           4           6           1           5           4           4           3           4           5           3           2           3           6           7      24       9      10      19      15      17      23      55
           8           2         147           2          15           4           9           1           2           3           1           2           2           1           1           4           1           1           2           1           2           4           2           3           2           4           2           2           2           1           1           1           5           4           6           2           5           1           3           5           5           4           4           3           6           5           7      20       7      12      19      15      16      27      58
           9           2         650           2          15           2           9           6           6           2           1           2           3           3           3           4           3           3           3           3           2           4           4           4           3           3           4           4           4           4           4           3           4           3           2           3           5           1           4           4           3           4           4           4           3           2           7      37      15      16      31       9      17      20      46
           9           2         651           1          16           2           9           1           1           1           2           2           1           1           1           2           1           2           2           2           1           2           2           2           1           2           1           1           1           2           1           2           5           5           5           3           6           4           5           5           6           6           6           5           4           5           9      15       8       7      15      15      23      32      70
           9           2         652           2          14           2           9           6           1           2           2           2           3           3           2           3           1           3           2           4           1           3           3           4           3           3           4           3           3           4           3           3           3           2           2           2           3           5           4           3           2           3           3           4           3           2           5      33      14      11      25       7      17      17      41
           9           2         653           1          15           2           9           1           1           3           2           2           3           1           1           1           1           1           1           1           1           2           1           1           1           2           1           1           1           1           1           1           5           4           6           1           6           1           1           1           6           6           5           1           6           6           5      11       7       6      13      15      10      30      55
           9           2         654           1          16           2           9           3           1           2           2           2           2           1           1           1           1           2           1           1           1           2           1           2           1           2           1           1           1           2           1           1           5           4           4           3           6           6           5           4           5           4           5           6           5           6          10      13       7       6      13      13      24      31      68
           9           2         655           2          15           2           9           1           1           2           2           2           1           3           1           2           1           2           3           1           1           3           2           2           2           3           2           1           2           2           1           1           6           4           5           5           6           4           4           4           5           5           5           5           5           5           8      18       8      10      18      15      23      30      68
           9           2         656           2          15           2           9           1           1           3           2           2           2           2           1           3           1           2           1           2           2           4           2           2           3           2           1           1           1           2           1           1           5           5           5           4           5           5           4           4           5           5           5           6           6           6           6      16       8      12      20      15      22      33      70
           9           2         657           2          15           2           9           6           2           4           2           1           2           2           1           2           2           1           1           1           3           3           2           4           2           4           1           4           4           4           1           3           4           3           3           1           2           1           1           2           2           1           3           1           6           1           4      29       6      12      18      10       7      14      31
           9           2         658           2          15           2           9           1           1           2           1           2           2           4           3           2           2           3           1           1           2           2           2           1           2           3           1           1           2           1           2           1           5           6           5           4           6           5           6           3           5           6           5           6           4           4           9      16      10      12      22      16      24      30      70
           9           2         659           1          16           2           9           1           1           2           2           2           1           3           1           2           1           2           2           1           1           2           2           2           1           1           1           1           1           2           1           2           5           5           5           3           5           2           3           3           4           5           5           5           4           5           8      14       7       9      16      15      16      28      59
           9           2         660           1          16           2           9           1           1           3           2           2           1           3           1           4           1           3           2           2           1           4           2           3           2           3           1           1           1           2           1           1           5           5           5           3           6           3           3           4           6           6           6           4           6           4           5      17       9      13      22      15      19      32      66
           9           2         661           2          15           2           9           1           1           2           2           1           2           2           1           1           1           3           2           2           4           2           1           1           2           1           2           1           1           1           1           1           5           5           6           1           5           2           2           2           4           4           6           4           3           5           9      12      10      10      20      16      12      26      54
           9           2         662           2          15           2           9           3           1           2           2           2           2           3           2           1           1           2           2           2           2           1           2           2           2           1           1           1           1           2           1           1           5           4           6           3           6           3           4           3           5           6           6           5           4           5           9      14      10       8      18      15      19      31      65
           9           2         663           2          15           2           9           1           1           3           2           1           2           3           2           3           2           3           2           4           2           3           2           2           2           3           2           1           2           3           2           3           6           5           6           4           5           5           5           4           6           5           6           4           5           5           8      22      13      13      26      17      23      31      71
           9           2         664           2          15           2           9           1           1           2           2           2           1           1           1           1           1           2           1           2           1           2           2           2           2           1           1           1           1           1           1           2           5           5           6           4           5           6           5           5           5           6           6           5           5           5           9      14       7       6      13      16      25      32      73
           9           2         665           2          15           2           9           6           1           3           1           2           1           2           2           2           1           3           2           1           1           2           2           3           2           2           2           1           2           3           2           1           5           4           3           2           3           5           5           3           3           4           5           2           2           4           9      20       9       8      17      12      18      20      50
           9           2         666           1          15           2           9           2           2           2           2           2           2           4           1           3           1           2           1           3           4           4           2           2           3           2           1           2           3           3           2           3           5           4           4           2           6           5           4           2           4           5           6           6           4           3           7      23       9      16      25      13      19      28      60
           9           2         667           2          15           2           9           3           1           3           2           1           2           3           1           2           1           2           2           2           1           2           2           3           2           2           2           2           3           2           2           2           5           4           6           2           1           4           5           4           5           6           5           4           5           5           6      22       9       9      18      15      16      30      61
           9           2         668           1          15           2           9           1           1           2           2           2           2           3           2           1           2           3           2           2           3           1           2           2           2           3           2           1           1           2           2           1           4           4           5           3           6           3           4           4           5           5           5           4           4           4           8      18      11      10      21      13      20      27      60
           9           2         669           2          16           2           9           1           1           1           2           2           1           1           1           1           1           1           1           1           1           1           2           3           3           3           2           3           3           3           3           3           5           3           5           2           5           3           3           3           2           4           2           3           2           5           7      28       5       5      10      13      16      18      47
           9           2         670           2          16           2           9           6           1           2           2           1           1           3           2           2           1           1           1           2           3           2           2           2           1           1           2           3           4           3           3           3           5           4           5           2           6           5           5           5           5           4           6           5           3           4           7      24       7      11      18      14      23      27      64
           9           2         671           2          15           2           9           3           1           2           2           1           1           3           2           2           1           2           1           1           2           2           2           2           1           2           2           2           1           1           1           1           5           4           5           4           6           4           3           3           4           5           4           3           2           3           7      15       7      10      17      14      20      21      55
           9           2         672           2          16           2           9           1           1           2           2           2           1           2           1           1           1           1           1           1           1           2           1           2           1           2           1           1           1           2           1           1           5           5           5           4           6           1           5           5           6           5           6           5           5           4           9      13       5       7      12      15      21      31      67
           9           2         673           2          15           2           9           1           1           3           2           1           1           3           1           2           1           3           1           1           1           2           3           4           4           4           3           2           2           4           3           4           6           5           4           2           5           3           1           5           3           5           5           4           6           5           9      33       7       9      16      15      16      28      59
           9           2         674           1          16           2           9           2           1           3           2           1           2           2           1           1           1           2           2           2           2           2           2           2           3           2           2           1           1           2           1           2           4           3           5           2           5           4           4           3           5           4           5           4           5           5           7      18       9       8      17      12      18      28      58
           9           2         675           1          16           2           9           2           2           3           2           2           2           1           1           1           1           2           2           2           1           1           1           1           3           2           1           1           1           2           1           1           5           5           6           2           5           4           5           5           5           6           5           4           5           5           8      14       9       5      14      16      21      30      67
           9           2         676           1          15           2           9           1           1           2           2           2           1           1           1           1           1           2           1           1           1           1           2           1           1           1           1           1           1           1           1           2           6           5           6           4           6           5           5           1           6           5           4           2           5           6           9      12       6       5      11      17      21      28      66
           9           2         677           1          15           2           9           2           1           2           1           1           1           2           1           1           1           1           2           2           1           2           4           4           4           4           4           3           1           2           1           4           2           2           1           1           4           1           1           6           2           2           2           1           1           1           4      31       7       7      14       5      13       9      27
           9           2         678           1          16           2           9           2           1           3           2           2           1           3                       2           1           1           1           1           1           2           1           1           2           1           1           1           1           1           1           1           4           5           5           2           3           5           6           5           5           5           4           3           3           3           5      11               9              14      21      23      58
           9           2         679           2          15           2           9           1           1           1           2           2           2           3           4           3           1           2           4           3           3           3           4           3           4           2           1           1           4           2           1           1           6           6           5           4           6           4           5           5           5           5           6           5           4           6           9      23      15      13      28      17      24      31      72
           9           2         680           2          15           2           9           2           3           3           2           1           2           2           3           3           1           2           2           2           3           3           2           3           3           3           3           4           2           3           3           2           6           4           4           3           5           2           2           3           3           4           5           3           4           4           4      28      11      12      23      14      15      23      52
          10           2         701           1          17           4          11           3           3           3           2           2           2           3           2           2           1           3           2           2           1           1           2           3           2           3           1           2           1           2           1           2           5           5           5           2           5           4           4           4           5           5           6           4           5           4           8      19      11       8      19      15      19      29      63
          10           2         702           1          17           4          11           3           3           2           2           2           2           2           3           2           2           3           3           4           1           3           3           2           2           2           1           1           1           2           2           1           5           5           6           5           5           1           2           1           5           5           5           6           6           6           9      17      15      10      25      16      14      33      63
          10           2         703           2          17           4          11           2           1           3           1           1           1           2           3           2           1           2           2           2           2           3           2           3           1           1           1           1           1           2           1           2           5           5           5           2           6           2           4           2           5           6           5           6           5           4           7      15      10      10      20      15      16      31      62
          10           2         704           2          17           4          11           2           1           2           2           1           1           2           1           2           1           3           1           1           1           2           1           2           1           2           2           1           1           2           1           1           5           4           6           2           6           1           3           1           6           2           5           4           4           4           7      14       7       8      15      15      13      25      53
          10           2         705           2          17           4          11           2           2           2           2           1           2           3           3           3           1           3           2           4           1           3           2           2           2           3           2           2           1           3           1           1           5           5           5           2           6           4           4           5           4           5           5           5           4           3           8      19      14      11      25      15      21      26      62
          10           2         706           2          17           4          11           3           3           5           2           2           2           3           3           1           1           4           2           3           1           2           3           4           4           4           2           4           1           4           1           3           5           4           5           2           4           1           2           2           5           6           5           2           1           1           8      30      14       8      22      14      11      20      45
          10           2         707           1          18           4          11           1           2           3           2           2           1           3           1           3           1           2           1           2           3           3           2           3           2           3           2           1           3           2           1           3           4           5           4           5           4           2           5           6           5           4           5           5           5           2           7      22       7      13      20      13      22      26      61
          10           2         708           2          17           4          11           3           3           3           2           1           3           4           2           3           1           3           1           2           1           3           2           3           1           2           1           3           1           2           1           2           5           4           4           2           4           1           4           4           5           3           5           5           6           4           4      18      11      12      23      13      15      28      56
          10           2         709           2          17           4          11           2           2           3           2           1           2           1           1           1           1           2           1           1           1           1           2           2           3           3           1           1           1           2           2           2           5           1           5           3           2           4           5           4           5           5           4           4           5           5           7      19       7       5      12      11      18      28      57
          10           2         710           2          17           4          11           1           1           3           2           1           2           2           1           2           1           3           1           4           3           1           3           4           2           3           2           2           2           4           4           4           3           4           1           1           2           2           2           1           2           4           2           5           4           1           6      30      11       9      20       8       8      18      34
          10           2         711           2          17           4          11           3           3           3           2           1           2           3           3           2           2           2           2           2           2           2           2           2           1           1           1           1           1           2           2           2           5           5           4           4           5           4           5           2           5           5           5           5           5           6           7      15      11      11      22      14      20      31      65
          10           2         712           1          17           4          11           2           3           3           2           1           1           2           2           2           1           1           2           2           1           2           3           2           2           2           1           1           1           2           1           1           4           4           5           3           6           3           2           2           6           5           4           5           6           5           6      16       8       8      16      13      16      31      60
          10           2         713           2          17           4          11           2           3           3           1           2           1           3           1           1           1           1           1           2           1           1           2           3           3           1           1           1           1           2           2           3           5           4           5           2           3           2           3           1           2           4           5           5           4           2           9      19       6       7      13      14      11      22      47
          10           2         714           1          17           4          11           1           1           3           2           2           2           1           3           1           1           2           1           2           2           1           2           2           3           2           1           1           1           2           2           2           6           5           6           5           6           6           6           6           5           6           6           5           4           6           8      18      10       6      16      17      29      32      78
          10           2         715           2          17           4          11           1           2           3           2           1           2           3           2           2           1           2           1           3           4           2           2           2           2           2           1           3           2           3           1           2           4           4           4           1           4           4           4           6           4           4           5           3           4           4           8      20      10      12      22      12      19      24      55
          10           2         716           2          17           4          11           1           1           3           2           1           2           2           2           3           2           1           2           1           1           2           2           3           2           3           2           2           1           2           1           1           6           5           5           3           4           1           2           4           5           2           4           3           4           5           8      19       8      10      18      16      14      23      53
          10           2         717           2          17           4          11           3           3           2           1           1           2           4           2           2           3           2           1           2           3           3           2           2           1           2           2           1           2           2           1           1           5           4           4           3           5           5           5           3           5           5           6           6           6           5           9      16       9      15      24      13      21      33      67
          10           2         718           1          18           4          11           1           2           3           2           2           1           4           1           2           3           2           1           1           4           4           1           2           1           2           1           1           1           2           1           1           4           3           3           1           1           1           2           1           6           4           3           2           6           6           6      13       6      17      23      10       6      27      43
          10           2         719           2          17           4          11           1           2           2           1           2           2           3           2           2           1           3           2           3           1           2           2           3           2           2           2           1           3           3           2           2           5           4           4           4           3           3           4           4           5           4           5           4           5           4           6      22      12       9      21      13      18      27      58
          10           2         720           2          17           4          11           3           3           3           2           2           3           3           2           3           1           3           2           2           3           2           4           4           4           3           3           3           2           2           3           3           5           4           4           1           3           4           4           4           3           5           4           3           4           4           6      31      12      12      24      13      16      23      52
          10           2         721           2          17           4          11           3           2           3           2           2           2           3           2           4           1           3           1           1           1           4           2           1           3           3           1           1           4           3           3           4           6           5           6           2           5           1           2           2           4           6           5           6           5           6           7      25       9      13      22      17      12      32      61
          10           2         722           2          17           4          11           3           2           2           1           2           4           2           2           4           1           3           3           2           2           4           2           2           4           2           2           3           4           2           3           4           4           4           2           1           6           3           3           5           3           5           5           3           4           5           5      28      14      13      27      10      18      25      53
          10           2         723           1          17           4          11           3           1           3           2           2           1           3           4           3           4           1           1           2           4           4           4           4           4           3           1           2           2           2           1           2           3           2           1           1           5           1           1           1           1           4           4           2           6           6           6      25       9      18      27       6       9      23      38
          10           2         724           1          17           4          11           2           3           3           2           2           2           3           4           4           2           3           2           4           2           2           4           4           4           4           4           4           4           4           4           3           3           3           2           2           6           4           3           1           1           4           4           3           2           2           5      39      15      13      28       8      16      16      40
          10           2         725           1          17           4          11           2           2           3           2           2           1           3           2           1           1           2           1           1           3           2           2           1           1           2           1           1           2           3           1           1           5           5           6           6           6           5           5           5           6           5           5           5           6           6           8      15       7      10      17      16      27      33      76
          10           2         726           1          17           4          11           1           2           1           2           1           2           2           1           2           1           2           1           1           3           2           4           3           2           4           2           2           1           1           1           4           5           4           5           3           6           4           2           2           6           5           2           4           6           6           9      24       7      10      17      14      17      29      60
          10           2         727           2          18           4          11           3           3           3           1           1           2           2           1           1           1           2           1           2           1           2           2           2           2           1           2           1           1           1           1           1           5           4           4           2           6           5           4           3           4           4           5           3           3           3           8      14       8       7      15      13      20      22      55
          10           2         728           2          18           4          11           3           3           3           2           1           2           1           2           1           1           2           1           1           1           1           2           2           2           3           1           1           2           2           1           2           5           4           6           3           5           5           5           4           4           5           4           4           4           4          10      18       8       5      13      15      22      25      62
          10           2         729           1          17           4          11           2           2           2           2           2           2           2           1           2           1           3           2           2           1           2           2           3           1           3           2           1           1           2           2           3           5           5           5           4           6           4           4           4           5           5           4           4           5           5           8      20      10       8      18      15      22      28      65
          10           2         729           2          17           4          11           4           4           4           2           2           2           1           2           1           1           3           3           2           2           1           3           2           3           2           2           2           4           2           4           2           4           3           2           3           5           2           4           3           2           5           5           3           2           3           5      26      12       6      18       9      17      20      46
          10           2         730           2          17           4          11           3           2           3           2           1           2           3           2           3           3           2           2           1           3           3           2           4           3           3           2           2           2           2           3           2           4           4           2           2           5           1           1           1           2           3           5           4           4           3           6      25       9      15      24      10      10      21      41
          10           2         731           2          17           4          11           1           2           3           1           2           2           1           1           1           1           1           3           3           2           2           3           2           4           2           1           1           3           1           2           3           5           4           6           1           6           1           4           6           6           5           6           2           1           1           6      22      10       7      17      15      18      21      54
          10           2         732           1          18           4          11           1           1           2           1           1           2           3           2           1           1           2           2           2           1           2           3           2           2           2           2           1           1           1           1           2           4           4           4           2           5           2           4           4           4           3           4           3           4           3           7      17      10       8      18      12      17      21      50
          10           2         733           2          17           4          11           3           1           3           2           2           3           2           1           2           1           3           1           2           1           3           4           4           4           3           3           2           2           2           4           3                       5           4           3           5           2           5           5           1           5           3           3           4           3           1      31      10       9      19              20      19        
          11           2         750           2          17           4          10           3           3           3           1           1           2           3           2           2           1           2           2           1           1           3           3           3           3           2           2           1           2           3           1           1           5           3           4           3           6           2           4           2           5           5           5           3           4           5           7      21       9      10      19      12      17      27      56
          11           2         751           2                       4          10           3           3           4           1           2           2           3           1           3           1           2           2           1           2           4           3           3           2           3           2           1           3           2           1           1           4           4           3           3           6           3           4           3           5           5           6           4           3           3           7      21       8      13      21      11      19      26      56
          11           2         752           2          17           4          10           3           2           3           1           1           3           2           2           2           1           2           4           3           1           4           2           2           3           1           2           1           1           1           2           2           4           2           3           2           6           1           2           1           3           5           4           4           4           4           5      17      14      10      24       9      12      24      45
          11           2         753           2          16           4          10           3           2           3           2           1           3           2           1           1           1           3           3                       1           2           2           2           2           3           2           3           4           3           3           3           4           3           3           4           6           1           1           1           2           4           4           4           4           4           5      27               7              10      13      22      45
          11           2         754           2          17           4          10           3           2           3           1           1           2           3           1           2           1           3                       2           2           2           2           3           2           2           1           2           2           1           1           1           5           4           4           1           4           5           5           3           4           5           5           5           5           5           8      17              10              13      18      29      60
          11           2         756           2          17           4          10           4           4           3           2           2           2           2           3           3           1           3           2           1           1           3           3           4           3           3           2           1           2           3           2           4           2           2           1           1           4           1           2           1           4           3           4           5           5           4           7      27      11      10      21       5       9      25      39
          11           2         757           1          17           4          10           4           3           4           2           2           1           3           1           2           1           2           2           2           1           1           2           2           2           1           2           1           1           2           2           2           4           5           4           2           3           2           3           2           5           6           5           3           4           5           5      17       8       8      16      13      12      28      53
          11           2         758           1          18           4          10           3           3           3           2           2           2           4           2           2           2           4           2           2           4           3           1           4           1           4           1           1           1           3           1           3           4           4           4           2           6           6           6           6           6           6           6           6           6           6           8      20      12      15      27      12      26      36      74
          11           2         759           1          17           4          10           4           4           3           2           2           2           3           2           1           1           2           2           3           2           3           3           2           1           2           2           1           1           2           1           2           4           3           3           2           4           3           5           2           3           4           5           6           3           4           5      17      11      10      21      10      16      25      51
          11           2         760           1          17           4          10           3           3           3           2           2           2           3           4           2           1           2           1           4           1           3           2           2           3           4           1           1           1           2           1           3           5           5           5           3           5           4           4           2           4           5           4           5           6           5           5      20      13      10      23      15      18      29      62
          11           2         761           2          17           4          10           4           4           4           1           2           3           2           2           2           1           2           3           2           2           4           4           4           4           4           4           4           3           4           4           4           1           1           1                       2           1           1           1           1           3           1           1           1           1           4      39      12      11      23       3               8        
          11           2         762           2          17           4          10           3           3           3           2           2           2           3           2           1           1           3           2           2           2           1           2           2           2           3           1           2           1           2           2           2           5           4           5           1           5           5           5           4           5           5           5           3           4           6           7      19      11       8      19      14      20      28      62
          11           2         763           2          17           4          10           2           1           3           2           2           2           2           1           2           1           3           2           2           1           2           3           2           3           1           1           1           2           2           2           2           5           3           5           2           6           3           4           4           5           6           5           2           5           5           9      19      10       8      18      13      19      28      60
          11           2         764           2          17           4          10           4           4           5           2           1           2           2           2           4           2           3           2           3           1           3           4           4           4           4           4           4           4           4           4           4           5           2           4           1           6           1           1           4           2           2           2           4           3           5           2      40      12      12      24      11      13      18      42
          11           2         765           2          16           4          10           3           1           4           2           1           2           1           1           2           1           1           1           1           1           3           1           2           2           3           3           2           1           3           3           2           2           1           1           1           1           1           2           1           2           2           2           1           1           1           2      22       6       8      14       4       6       9      19
          11           2         766           2          17           4          10           3           1           2           2           2           3           2           2           3           1           2           2           1           4           3           3           2           3           2           1           1           1           2           1           2           5           5           5           4           6           5           5           5           5           4           6           6           6           6           8      18      10      13      23      15      25      33      73
          11           2         767           2          17           4          10           2           3           3           2           2           2           3           3           2           1           2           2           3           2           2           4           3           4           3           3           3           3           3           3           4           4           4           3           1           6           4           5           4           2           5           4           2           1           2           4      33      12      10      22      11      20      16      47
          11           2         768           2          17           4          10           3           3           4           2           2           1           2           1           3           2           3           2           1           4           3           4           4           3           3           2           3           3           4           4           4           5           3           2           2           5           1           1           1           2           4           4           5           2           2           7      34       8      14      22      10      10      19      39
          11           2         770           2          17           4          10           2           4           3           2           1           2           1           1           2           1           2           1           1           1           3           1           2           1           1           1           1           1           1           1           1           5           5           4           1           6           4           1           1           1           1           1           1           6           5           9      11       7       8      15      14      13      15      42
          11           2         771           2          16           4          10           4           4           3           1           2           4           4           4           4           4           4           4           4           4           4           4           4           4           4           4           4           4           4           4           4           2           1           1           1           2           1           6           1           1           1           2           4           1           1          10      40      20      20      40       4      11      10      25
          11           2         772           2          16           4          10           3           3           3           2           2           2           2           2           2           1           3           2           1           1           3           2           4           2           3           2           2           4           4           4           4           5           4           1           2           4           2           4           3           2           3           5           4           3           4           7      31      10       9      19      10      15      21      46
          11           2        7552           2          17           4          10           4           4           3           2           2           3           2           2           2           1           3           3           2           2           2           3           1           2           2           3           2           2           3           3           3           4           4           3           2           5           2           2           2           2           3           4           4           4           2           7      24      13       9      22      11      13      19      43
          12           2         800           2          18           4          11           2           1           3           2           1           1           3           2           2           3           2           1           2           4           3           3           4           3           2           2           3           3           2           1           1           5           4           5           2           4           2           3           6           4           4           5           6           6           6           7      24       8      15      23      14      17      31      62
          12           2         801           2          18           4          11           1           1           2           2           2           3           3           3           2           1           3           1           3           2           2           2           4           3           4           3           1           2           3           2           2           4           4                       3           4           1           4           5           5           5           5           3           6           5           4      26      13      10      23              17      29        
          12           2         802           1          18           4          11           1           1           3           2           2           2           2           2           3           3           1           1           1           4           2           3           3           3           1           1           2           1           1           1           1           5           5           5           2           6           6           4           4           6           5           4           3           6           6          10      17       7      14      21      15      22      30      67
          12           2         803           1          19           4          11           1           2           3           2           2           2           3           1           3           1           2           2           2           2           3           3           3           3           3           3           2           2           3           2           2           4           4           4           3           4           3           4           5           4           5           4           3           3           4           7      26       9      12      21      12      19      23      54
          12           2         804           2          18           4          11           2           2           1           2           2           2           1           1           2           1           2           1           3           1           2           2           4           2           4           1           1           3           3           3           4           6           6           6           4           6           6           6           6           6           6           6           6           5           5           9      27       9       7      16      18      28      34      80
          12           2         805           1          18           4          11           1           1           2           2           2           1           2           2           2           1           1           1           2           1           3           2           4           2           3           1           2           1           1           1           1           4           3           5           3           4           2           2           3           4           4           3           2           4           3           8      18       7       9      16      12      14      20      46
          12           2         806           2          18           4          11           2           2           3           1           2           1           3           3           2           1           2           1           2           3           2           2           2           2           2           1           1           1           2           1           1           6           6           6           3           6           3           6           4           5           6           6           4           5           5           8      15       9      11      20      18      22      31      71
          12           2         807           2          18           4          11           1           1           2           1           2           1           2           3           2           1           3           2           2           3           3           3           3           3           3           2           4           4           3           2           2           5           6           6           3           6           3           6           5           5           5           5           4           5           6           9      29      11      11      22      17      23      30      70
          12           2         808           2          18           4          11           3           3           2           1           2           3           4           4           3           3           2           2           3           4           3           2           4           3           4           2           2           3           3           3           2           5           5           5           3           6           4           4           3           5           6           5           5           4           4           8      28      14      17      31      15      20      29      64
          12           2         809           2          18           4          11           1           1           2           2           1           2           2           3           1           2           2           1           3           2           2           2           1           2           2           1           1           2           1           1           3           4           3           4           2           6           2           3           5           5           6           6           6           6           5           9      16      11       9      20      11      18      34      63
          12           2         810           2          18           4          11           1           1           3           1           1           3           2           1           1           1           4           4           1           1           2           1           3           4           4           1           3           3           4           4           2           4           4           3           1           6           4           4           3           2           5           5           2           2           2           7      29      13       7      20      11      18      18      47
          12           2         811           2          18           4          11           1           1           3           2           1           2           3           2           2           1           3           2           2           2           3           3           4           3           3           2           2           1           4           3           3           5           4           4           2           6           2           4           5           4           6           5           4           3           5           7      28      11      11      22      13      19      27      59
          12           2         812           2          18           4          11           3           1           2           2           2           1           2           2           2           1           1           2           3           2           2           3           3           4           3           2           2           3           2           2           3           6           5           5                       4                       5                       2           6           5           5           3           3           8      27       9       9      18      16              24        
          12           2         813           1          19           4          11           1           1           2           2           2           2           4           4           3           1           4           3           4           4           2           4           4           4           4           3           3           4           4           4           4           4           5           6           2           6           5           4           6           5           5           5           4           1           6           8      38      17      14      31      15      23      26      64
          12           2         814           2          18           4          11           6           6           2           2           1           2           2           1           1           1           3           1           1           1           1           1           3           2           4           1           2           2           4           2           3           5           5           6           2           6           2           4           3           5           5           5           2           3           4           8      24       8       6      14      16      17      24      57
          12           2         815           1          18           4          11           1           1           3           2           1           1           1           2           1           1           1           2           1           2           1           1           2           1           2           1           1           1           1           2           3           5           5           5           3           6           3           4           4           5           4           5           4           6           5           8      15       7       6      13      15      20      29      64
          12           2         816           1          18           4          11           1           1           2           2           2           3           3           1           2           1           2           1           1           3           2           2           3           3           2           2           2           3           3           1           2           5           5           6           3           5           4           4           4           6           5           5           5           5           6           7      23       8      11      19      16      20      32      68
          12           2         817           1                       4          12           2           1           3           2           2           1           4           4           3           1           1           1           3           1           1           4           4           3           3           2           4           3           2           2           2           5           5           6           1           6           6           6           6           6           5           6           5           5           6          10      29      10      10      20      16      25      33      74
          12           2         818           2          19           4          11           3           3           3           1           1           1           2           3           2           2           3           3           1           1           2           3           3           3           2           2           1           4           3           2           3           5           4           3           4           2           2           3           5           4           6           5           4           4           5           6      26      11       9      20      12      16      28      56
          12           2         819           2          17           4          11           1           1           2           2           2           1           3           3           2           2           1           1           4           3           3           4           4           3           3           3           3           4           3           3           4           5           4           6           2           6           4           5           5           3           3           6           4           6           2           9      34      10      13      23      15      22      24      61
          12           2         820           2          18           4          11           1           1           2           2           1           1           2           1           2           1           2           1           1           1           2           1           2           1           2           1           2           1           1           1           1           5           4           6           1           5           1           2           2           4           4           4           3           5           6           9      13       6       8      14      15      11      26      52
          12           2         821           2          18           4          11           1           1           3           2           1           2           1           1           1           1           1           2           3           2           2           3           3           4           4           3           3           2           4           3           4           4           4           5           2           6           1           1           6           1           5           5           4           4           3           7      33       9       7      16      13      16      22      51
          12           2         822           1          18           4          11           3           2           3           2           2           1           2           2           2           1           2           1           2           4           2           2           2           1           1           1           2           1           2           1           1           6           6           6           5           6           1           3           6           6           5           6           5           6           6           7      14       8      11      19      18      21      34      73
          12           2         823           1          17           4          11           3           1           3           2           1           1           3           4           4           1           1           2           2           1           4           4           4           4           4           3           2           2           4           1           1           4           4           5                       4           2           3           4           4           2           3           4           2           3           5      29      10      13      23      13              18        
          13           2         850           2                       4          11           2           2           3           2           1           2           3           2           3           2           2           1           3           3           3           3           3           4           3           1           3           4           3           2           2           4           4           4           6           6           2           2           2           4           3           5           4           3           4           7      28      10      14      24      12      18      23      53
          13           2         851           2          18           4          11           1           1           2           2           1           1           3           3           2           1           3           1           2           2           2           3           2           2           3           2           3           2           2           1           2           4           4           5           3           6           2           4           5           5           5           6           5           4           3           8      22      10      10      20      13      20      28      61
          13           2         852           1          18           4          11           3           2           3           2           1           2           3           3           2           1           4           1           3           1           2           3           4           2           4           2           3           4           3           1           3           4           4           3           2           5           3           3           5           5           6           4           4           3           6           8      29      13       9      22      11      18      28      57
          13           2         853           2                       4          11           3           1           2           2           2           1           4           2                       1           3           1           3           4           2           4           4           4           3           3           2           3           4           3           4           6           5           5           2           6           2           2           2           5           5           6           3           6           5           8      34      10                      16      14      30      60
          13           2         854           2          18           4          11           1           1           3           2           1           2           2           3           1           1           3           3           3           1           3           4           4           3           3           4           3           3           4           3           4           2           2           2           5           6           1           3           5           3           5           6           4           5           6           8      35      14       8      22       6      20      29      55
          13           2         855           1          18           4          11           3           3           3           2           2           1           4           4           3           1           3           3           4           4           3           4           4           4           4           3           3           4           3           4           4           5           2           1           1           6           4           5           5           3           4           5           5           4           2           5      37      15      15      30       8      21      23      52
          13           2         857           2          18           4          11           1           1           3           1           2           2           2           2           1           1           3           3           2           2           2           3           4           4           3           3           1           2           3           3           2           4           4           5           2           6           1           5           2           2           4           5           4           4           6           6      28      12       8      20      13      16      25      54
          13           2         858           2          18           4          11           1           1           2           2           2           3           3           2           3           1           3           3           2           3           2           4           3           4           3           3           2           3           4           4           2           4           4           4           3           6           2           4           4           4           4           4           3           4           5           8      32      13      12      25      12      19      24      55
          13           2         859           2          19           4          11           3           3           3           2           2           2           3           2           3           1           3           3           3           2           3           4           4           4           3           3           4           4           3           4           4           3           2           1           1           2           1           2           2           1           3           2           1           1           1           7      37      13      12      25       6       8       9      23
          13           2         860           1          18           4          11           1           2           2           1           2           1           3           2           3           1           1           1           3           4           3           2           3           3           3           1           1           1           2           1           2           4           4           4           2           5           2           4           3           5           3           5           4           6           4                  19       8      14      22      12      16      27      55
          13           2         861           1                       4          11           2           2           3           2           2           2           2           2           1           1           2                       2           2           1           2           2           2           2           1           1           1           1           3           1           4           4           2           3           5           2           2                       2           4           3           2           3           3           5      16               7              10              17        
          13           2         862           1          19           4          11           2           2           4           2           2           2           1           2           1           1           2           1           1           1           3           3           4           2           4           4           4           2           4           3           4           3           2           1           2           6           1           1           2           2           2           1           1           5           3           4      34       8       7      15       6      12      14      32
          13           2         862           1          18           4          11           1           1           3           2           2           2           3           1           3           1           2           1           1           2           3           2           2           1           3           1           1           1           1           1           1           5           6           6           4           6           6           4           5           6           6           6           1           6           6           9      14       7      12      19      17      25      31      73
          13           2         863           2          18           4          11           1           1           3           1           1           2           3           2                       1           3           1           2           1           2           2           2           1           2           1           2           1           1           1           2           4           4           4           1           6           1           2           2           4           4           4           3           3           5           7      15      10                      12      12      23      47
          13           2         864           2          17           4          11           1           1           1           2           1           2           3           2           2           1           2           2           2           2           2           1           2           2           2           1           1           1           2           1           1           5           4           5           2           6           4           3           4           4           5           5           4           5           5           8      14      10      10      20      14      19      28      61
          13           2         865           2          19           4          11           1           1           2           1           1           3           3           3           4           1           3           2           3           2           3           4           4           4           4           4           3           4           4           4           4           3           2           1           3           4           1           1           1           2           4           4           2           2           1           5      39      14      13      27       6      10      15      31
          13           2         866           1                       4          11           1           1           3           2           2           2           3           1           3           1           2           1           2           1           3           3           3           3           3           2           2           3           3           2           1           4           4           5           3           5           2           2           1           5           4           5           5           4           3           4      25       8      11      19      13      13      26      52
          13           2         867           2          18           4          11           2           2           2           2           1           3           3           2           2           3           4           4           4           3           3           3           4           4           4           3           4           4           4           4           4           2           1           1           1           5           5           1           2           2           1           5           3           4           1           3      38      17      14      31       4      14      16      34
          13           2         868           2          19           4          11           1           1           3           2           2           2           3           3           3           1           4           2           3           1           2           2           3           3           4           2           2           2           3           2           2           4           4           5           1           5           1           2           3           5           4           5           2           3           2           8      25      14      10      24      13      12      21      46
          13           2         869           2          18           4          11           1           1           2           1           1           2           3           3           2           2           3           3           3           2           3           3           4           3           3           2           1           3           3           1           4           4           3           4           1           6           1           1           2           3           3           5           6           6           5           8      27      14      12      26      11      11      28      50
          13           2         870           2          18           4          11           1           1           3           2           1           2           3           4           2           1           3           3           4           4           2           2           3           3           4           2           3           4           3           2           4           5           4           5           1           6           1           1           1           4           4           6           4           5           2           4      30      16      12      28      14      10      25      49
          13           2         871           1          19           4          11           3           2           3           2           2           1           3           2           3           1           1           1           1           3           3           2           2           1           2           1           1           1           2           1           2           4           4           6           1           5           4           4           5           5           4           6           4           6           5           9      15       6      13      19      14      19      30      63
           1           3                       1          18           4          11           2           2           2           2           2           2           3           1           2           1           3           4           3           1           2           2           3           1           2           1           1           1           2           1           2           4           4           4           1           1           4           4           4           4           4           4           4           5           4           8      16      13       9      22      12      14      25      51
           1           3         100           2          17           4          11           6           6           3           2           2           3           2           2           1           1           4           4           4           2           1           2           4           4           4           2           2           4           4           4           4           4           4           1           2           4           2           1           2           2           4           6           4           6           2           2      34      17       7      24       9      11      24      44
           1           3         101           1          17           4          11           3           1           3           2           2           2           3           1           1           1           3           1           1           1           1           3           3           3           4           2           2           3           2           2           3           5           5           5           3           5           4           3           3           3           4           5           3           5           3           8      27       8       7      15      15      18      23      56
           1           3         102           2          17           4          11           1           1           2           2           1           4           3           4           4           1           3           4           4           2           2           2           4           4           4           2           1           4           3           2           4           5           4           5           6           4           1           1           5           5           4           3           6           6           6           7      30      19      12      31      14      17      30      61
           1           3         103           1          17           4          11           1           1           3           2           2           2           4           3           2           1           1           1           2           4           1           1           2           1           1           1           1           4           2           1           2           6           6           6           4           6           1           1           6           6           5           6           6           6           6           7      16       9      12      21      18      18      35      71
           1           3         104           2          16           4          11           3           2           3           2           2           3           2           3           3           1           4           3           2           4           2           2           3           3           3           2           2           2           3           1           4           5           5           6           5           6           3           4           3           5           5           6           6           6           6           7      25      15      12      27      16      21      34      71
           1           3         105           2          17           4          11           1           1           4           2           1           2           1           3           4           3           4           4           3           1           4           3           3           4           2           2           1           3           3           3           2           4           3           2           3           6           1           1           1           4           6           4           3           2           2           6      26      16      13      29       9      12      21      42
           1           3         106           2          17           4          11           6           1           3           2           2           3           3           2           2           1           2           2           2           3           2           3           4           3           3           1           3           3           3           2           3           6           5           5           4           5           3           4           3           5           5           5           5           5           5           8      28      11      11      22      16      19      30      65
           1           3         107           2          16           4          11           3           3           3           2           2           2           3           3           1           1           4           3           4           1           1           3           4           4           4           2           2           3           3           2           2           4           4           3           2           3           4           3           5           3           4           6           4           5           2           4      29      16       7      23      11      17      24      52
           1           3         108           2          17           4          11           2           2           3           2           2           2           1           1           2           1           3           1           2           1           3           3           3           2           3           1           1           2           1           2           3           4           3           2           4           1           1           1           1           1           5           4           5           3           5           3      21       9       8      17       9       8      23      40
           1           3         109           2          17           4          11           3           2           3           1           2           1           4           3           2           1           2           1           3           3           2           3           3           4           4           2           1           3           3           1           2           6           5           6           3           5           3           4           2           5           4           5           4           4           2           8      26      10      12      22      17      17      24      58
           1           3         110           2          17           4          11           1           1           3           2           2           2           4           1           2           1           2           1           2           2           2           1           2           3           2           1           1           2           3           2           4           5           4           6           3           6           2           4           5           6           4           5           4           6           6           9      21       8      11      19      15      20      31      66
           1           3         111           2          17           4          11           1           2           3           1           2           2           1           2           2           1           2           2           2           2           2           2           3           2           2           2           1           1           2           1           2           6           5           6           4           6                       5                       5           5           5           4           4           4           8      18      10       8      18      17              27        
           1           3         112           2          17           4          11           3           2           3           2           2           1           2           1           2           1           2           1           2           4           4           4           4           3           2           2           3           3           3           2           3           4           5           5           3           2           1           3           2           4           5           3           4           2           2           7      29       7      13      20      14      11      20      45
           1           3         113           2          17           4          11           1           1           2           2           2           1           4           3           3           1           4           3           1           4           2           3           4           4           2           1           1           1           4           2           4           4           4           4           3           6           3           5           6           6           6           6           5           5           5           8      26      12      14      26      12      23      33      68
           1           3         114           2          16           4          11           2           2           3           2           2           1           2           1           1           1           2           2           2           2           1           2           2           2           3           1           1           1           2           1           2           5           5           5           1           2           1           2           1           3           5           4           2           2           2           8      17       8       7      15      15       7      18      40
           1           3         115           2          17           4          11           1           2           3           2           2           1           3           4           3           1           3           2           2           1           4           2           3           3           2           2           3           4           2           2           3           4           4           3           3           5           2           5           5           3           3           4           2           3           2           6      26      12      12      24      11      20      17      48
           1           3         116           1          16           4          11           3           1           3           2           1           3           2           3           2           1           3           3           4           2           2           4           4           4           4           4           4           4           4           4           4           2           3           1                       5           1           1           1           1           1           4           1           4           1           4      40      16       9      25       6              12        
           1           3         117           2          17           4          11           2           2           2           2           2           3           3           2           3           3           3           3           2           2           4           3           3           3           3           3           1           3           2           3           4           6           6           6           4           6           5           4           4           5           5           6           6           6           5           8      28      13      15      28      18      23      33      74
           1           3         118           2          17           4          11           1           1           3           2           2           2           1           2           2           1           4           2           3           2           3           2           3           4           4           1           3           2           3           3           4           5           5           4           1           5           5           6           6           4           5           6           3           5           5           9      29      13       9      22      14      23      28      65
           1           3         119           2          17           4          11           2           1           3           2           2           3           4           2           2           1           3           1           2           3           2           3           4           4           4           1           3           4           4           2           3           4           4           1           6           6           1           1           3           3           5           5           6           6           6           6      32      11      12      23       9      17      31      57
           1           3         120           2          16           4          11           2           2           3           2           2           2           2           1           3           1           3           3           4           3           3           4           4           3           2           3           2           3           2           3           3           4           3           4           3           5           3           2           2           2           4           3           2           4           2           6      29      13      12      25      11      15      17      43
           1           3         121           1          17           4          11           3           1           3           1           2           3           2           2           3           1           1           4           2           1           3           2           3           4           4           2           1           1           4           3           3           4                       3           4           3           1           3                       1           5           2           2           1           3           4      27      12      10      22                      14        
           1           3         122           1          17           4          11           2           2           3           2           2           2           1           1           1           1           4           1           3           1           2           2           2           2           3           1           1           2           3           1           2           6           3           4           1           4           2           1           2           3           2           2           1           2           1           7      19      11       6      17      13      10      11      34
           1           3         123           1          17           4          11           1           1           3           2           2           2           2           1           1           1           2           3           1           1           4           2           1           2           2           3           1           2           2           2           1           5           5           5           5           5           5           5           5           5           5           5           5           5           5           8      18       9       9      18      15      25      30      70
           1           3         124           1          17           4          11           1           1           2           2           2           2           3           2           3           1           2           2           3           4           1           2           3           3           2           2           1           1           2           1           1           4           5           5           2           3           3           4           4           5           6           5           4           5           5           8      18      11      12      23      14      16      30      60
           1           3         125           2          17           4          11           2           2           3           1           1           3           3           2           4           1           3           2           2           2           2           4           4           3           3           3           3           3           4           3           3           5           4           4           4           6           5           5           4           4           4           5           5           5           5           5      33      12      12      24      13      24      28      65
           1           3         126           2          16           4          11           1           1           3           1           1           2           3           2           4           1           2           4           4           4           4           2           2           3           2           4           2           1           1           1           4           3           2           1           3           6           2           2           2           2           2           4           3           2           4           5      22      14      16      30       6      15      17      38
           1           3         127           1          16           4          11           1           1           3           2           2           2           3           2           2           1           3           3           2           2           2           4           4           3           3           2           3           3           4           2           2           4           4           2           1           2           1           5           5           3           3           3           5           4           2           4      30      12      10      22      10      14      20      44
           1           3         128           1          17           4          11           1           1           2           1           2           1           4           2           3           1           2           2           1           1           2           2           3           2           2           2           2           1           2           4           2           4           3           3           1           1           1           6           1           2           1           3           3           2           2           8      22       8      11      19      10      10      13      33
           1           3         129           2          17           4          11           1           1           2           1           2           3           1           1           4           1           3           1           4           3           4           3           4           4           4           2           3           2           4           1           4           5           4           5           1           6           3           1           1           4           4           1           4           6           6           9      31      12      13      25      14      12      25      51
           1           3         130           1          16           4          11           2           1           3           2           2           2           2           1           2           1           2           2           2           2           2           2           2           3           2           2           1           2           2           1           3           5           4           5           4           5           2           2           1           2           4           3           3           4           1           7      20       9       9      18      14      14      17      45
           2           3         150           1          17           4          11           3           2           2           2           2           1           2           1           1           1           2           2           1           2           1           2           2           1           1           1           1           1           1           1           1           5           6           6           4           6           3           3           4           5           5           6           4           6           5           7      12       7       7      14      17      20      31      68
           2           3         151           1          18           4          11           1           1           3           2           2           4           3           3           3           1           4           1           3           1           3           4           4           4           4           2           2           3           3           3           3           2           3           2           3           5           1           2           4           2           5           3           5           6           4           5      32      15      11      26       7      15      25      47
           2           3         152           1          18           4          11           1           1           3           2           2           3           4           2           2           3           1           2           1           3           2           2           2           3           1           1           2           1           2           1           1           5           4           5           2           5           6           5           3           6           4           5           3           2           6           9      16       9      14      23      14      21      26      61
           2           3         153           1          18           4          11           2           2           2           2           2           1           3           2           2           1           1           2           3           1           2           2           3           3           2           1           2           3           2           1           3           5           5           6           2           4           2           3           4           5           4           6           3           4           6           8      22       9       9      18      16      15      28      59
           2           3         154           2          18           4          11           1           2           3           2           2           3           4           2           3           2           3           1           4           4           3           2           3           4           3           1           1           4           2           1           2           5           5           5           2           1           1           1           5           3           6           5           5           3           2           9      23      13      16      29      15      10      24      49
           2           3         155           2          17           4          11           2           1           3           2           2           2           2           1           1           1           3           1           1           2           2           2           2           3           3           2           2           2           3           2           2           4           5           5           2           6           1           2           2           5           5           5           5           5           5           7      23       8       8      16      14      13      30      57
           2           3         156           2          18           4          11           2           3           3           2           1           2           3           2           4           1           4           1           3           3           4           4           4           4           4           3           3           4           3           3           3           2           2           3           1           5           3           2           2           4           4           5           3           3           5           7      35      12      15      27       7      13      24      44
           2           3         157           2          18           4          11           1           1           3           2           2           2           3           1           3           3           2           1           2           1           2           4           3           3           2           2           3           2           3           3           2           5           5           6           3           5           2           2           1           5           5           5           4           5           6           8      27       8      12      20      16      13      30      59
           2           3         158           2          17           4          11           1           2           2           2           2           2           4           1           2           1           3           1           2           1           2           2           3           1           2           1           1           1           3           1           2           6           5           6           4           6           3           3           3           6           5           6           4           4           5           8      17       9      10      19      17      19      30      66
           2           3         159           1          17           4          11           1           1           3           2           1           2           3           1           1           1           2           2           1           1           2           1           2           1           1           1           1           1           1           1           2           5           4           4           4           6           5           4           3           6           5           4           4           3           6           7      12       8       8      16      13      22      28      63
           2           3         160           1          17           4          11           3           2           3           2           2           2           3           3           3           4           3           1           2           2           3           3           4           4           4           2           2           1           3           2           2           4           4           5           1           5           1           1           2           2           1           4           3           3           1           7      27      11      15      26      13      10      14      37
           2           3         161           1          18           4          11           2           1           2           2           2           2           3           3           2           1           3           2           2           2           2           2           2           2           3           2           2           2           2           3           2           5           5           5           4           1           4           4           4           5           5           5           5           4           4           8      22      12      10      22      15      17      28      60
           2           3         162           2          18           4          11           3           1           3           2           1           2           3           2           2           1           2           1           2           3           3           3           4           2           3           3           2           2           3           2           4           5           4           5           3           6           1           3           1           4           4           5           4           4           2           5      28       9      12      21      14      14      23      51
           2           3         163           2          17           4          11           1           1           3           1           2           1           2           2           2           1                       3           2           4           2           1           4           2           3           2           2           2           3           1           2           4           3           3           4           3           2           3           1           4           3           5           3           6           5           7      22              11              10      13      26      49
           2           3         164           1          17           4          11           1           1           3           2           2           2           3           2           3           1           3           1           1           2           3           2           2           3           3           1           1           2           3           2           3           6           5           5           4           3           1           5           4           5           5           5           4           6           4           8      22       9      12      21      16      17      29      62
           2           3         165           2          17           4          11           2           2           3           2           1           1           3           2           2           1           3           2           4           3           2           2           4           3           2           1           1           2           4           3           4           5           4           4           4           6           3           4           3           4           6           6           4           3           4           6      26      12      11      23      13      20      27      60
           2           3         166           2          17           4          11           1           1           2           1           1           2           3           2           1           1           3           2           2           3           2           2           3           3           4           1           1           2           3           2           1           4           2           5           5           6           3           5           4           6           5           6           6           5           5           8      22      11      10      21      11      23      33      67
           2           3         167           2          18           4          11           2           2           3           2           1           2           2           3           2           1           2           2           2           2           2           1           2           2           2           2           2           2           2           1           1           5           5           4           2           6           4           4           3           3           5           3           4           3           4           7      17      11       9      20      14      19      22      55
           2           3         168           2          17           4          11           3           3           3           2           1           2           2           2           2           1           3           3           3           2           2           3           3           2           3           2           1           4           3           3           3           5           4           3           2           6           1           2           2           3           5           6           2           6           2           5      27      13       9      22      12      13      24      49
           2           3         169           2          17           4          11           1           1           3           2           2           2           4           2           2           1           3           2           2           1           2           2           2           2           3           1           1           1           2           1           1           6           5           6           3           6           6           5           1           6           5           5           4           4           6           9      16      11      10      21      17      21      30      68
           2           3         170           2          18           4          11           1           1           3           2           1           2           3           2           3           2           4           1           3           3           3           4           4           3           4           1           1           3           4           3           4           4           4           5           2           6           1           3           1           5           5           6           3           3           4           8      31      12      14      26      13      13      26      52
           2           3         171           1          17           4          11           2           2           2           1           1           1           2           1           2           1           2           1           2           1           2           3           3           2           2           1           1           1           1           1           1           5           5           6           4           6           5           4           3           6           5           5           5           6           6           8      16       7       8      15      16      22      33      71
           2           3         172           1          17           4          11           1           2           2           1           2           1           2           1           1           1           2           1           1           1           1           2           2           2           1           1           1           1           1           1           1           6           5           6           5           5           5           5           6           5           5           5           4           5           6           9      13       6       6      12      17      26      30      73
           2           3         173           1          17           4          11           2           3           3           2           2           3           4           1           2           1           3           1           2           3           4           2           3           4           4           1           1           1           2           1           3           5           4           3           5           5           1           1           1           2           5           3           1           5           6           5      22      10      14      24      12      13      22      47
           2           3         174           1          18           4          11           2           2           3           2           2           3           2           1           3           1           3           2           2           3           4           3           4           3           3           3           2           3           2           1           1           4           4           4           4           4           1           1           1           3           4           3           4           4           6           7      25      11      13      24      12      11      24      47
           2           3         175           1          18           4          11           2           1           2           2           2           2           1           1           2           1           2           1           1           1           2           1           4           1           2           1           1           1           2           3           2           5           5           6           2           6           1           4           2           5           6           6           5           4           5           6      18       7       7      14      16      15      31      62
           3           3         200           2          17           4          11           2           2           3           2           2           3           2           2           2           2           2           2           3           3           2           3           4           2           4           4           3           3           3           2           2           4           4           6                       3           2           2           2           5           5           4           4           6           6           9      30      12      11      23      14              30        
           3           3         202           2          17           4          11           3           2           3           1           2           4           3           1           3           3           4           2           1           4           3           3           3           4           4           2           1           2           3           2           2           4           3           4           5           6           5           2           1           3           5           6           5           4           5           6      26      12      16      28      11      19      28      58
           3           3         203           1          16           4           3           2           2           1           2           2           3           2           2           2           1           2           2           2           2           1           2           3           2           3           3           2           1           4           2           3           6           6           6           4           6           5           4           2           6           4           5           6           6           6          10      25      11       8      19      18      21      33      72
           3           3         204           1          17           4          11           3           3           3           2           1           2           3           3           1           2           3           3           2           2           1           3           1           2           4           2           1           1           2           3           4           5           5           4           3           6           2           1           3           4           4           5           4           6           6           8      23      13       9      22      14      15      29      58
           3           3         205           1          17           4                       4           3           3           2           2           3           2           4           2           1           1           2           4           4           4           2           2           3           2           2           2           2           3           1           3           4           3           2           2           2           1           3           1           3           3           2           1           3           4           5      22      14      13      27       9       9      16      34
           3           3         206           2          16           4          11           2           3           3           2           2           2           2           2           2           2           2           1           2           2           3           4           3           2           2           1           3           4           3           4           1           5           5           5           3           4           2           4           1           4           3           4           5           4           5           6      27       9      11      20      15      14      25      54
           3           3         208           2          17           4          11           1           2           2           1           1           2           2           1           3           2           3           4           3           1           4           4           4           4           2           2           1           2           4           4           4           4           2           2           2           5           1           4           2           4           4           6           6           5           3           6      31      13      12      25       8      14      28      50
           3           3         209           2          16           4          11           3           1           3           2           2           3           2           3           2           1           2           2           4           3           3           3           4           3           4           3           4           3           3           3           3           4           4           4           2           6           5           3           3           2           5           6           3           4           5           6      33      14      11      25      12      19      25      56
           3           3         210           1          17           4          11           1           2           2           1           1           2           2           1           3           1           2           3           3           1           2           2           3           2           3           3           2           2           2           3           2           4           4           3           2           5           4           2           4           2           5           5           3           2           2           5      24      11       9      20      11      17      19      47
           3           3         211           2          16           4          11           4           3           5           2           2           2           2           3           3           1           2           2           1           1           1           2           1           1           1           1           2           1           2           2           2           5           5           5           3           6           5           5           5           5           4           5           5           4           4           7      15      10       8      18      15      24      27      66
           3           3         212           1          17           4          11           3           1           2           1           2           4           2           4           4           1           2           4           4           4           4           4           4           4           4           4           4           4           4           4           4           2           2           1           1           6           1           2           2           1           6           6           4           2           2           2      40      18      15      33       5      12      21      38
           3           3         213           1          17           4          11           3           2           3           2           2           1           4           2           3           1           2           2           2           2           1           2           4           2           4           3           3           4           4           2           2           4           2           2           2           3           2           3           2           2           3           2           3           2           2           5      30       9      11      20       8      12      14      34
           3           3         214           1          17           4          11           2           2           3           2           2           3           3           2           2           1           3           2           1           3           1           3           2           2           3           1           2           1           3           3           4           6           5           4           4           5           5           4           4           5           5           6           5           6           5           8      24      11      10      21      15      22      32      69
           3           3         215           2          17           4          11           3           3           3           1           1           2           2           1           3           1           4           4           2           2           4           2           3           3           2           1           1           1           3           2           2           5           4           6           1           5           2           1           4           6           5           6           5           6           6           7      20      13      12      25      15      13      34      62
           3           3         216           1          16           4           3           6           2           4           2           2           2           4           4           4           4           4           3           4           4           4           4           4           4           4           3           4           4           4           4           4           2           1           1           1           1           6           1           1           1           1           1           1           1           1           3      39      17      20      37       4      10       6      20
           3           3         217           2          16           4          11           3           1           2           2           2                                                                                                                       4           3           2           2           1           1           1           1           1           1           1           5           5           5           4           6           6           6                       5           5           6           5           5           5           8      14                              15              31        
           3           3         218           1          16           4          11           2           4           3           2           1           1           1           1           1           1           1           2           2           2           1           2           1           1           3           1           1           1           1           1           3           5           2           2           6           6           2           3           2           6           3           4           4           4           4           5      15       7       6      13       9      19      25      53
           3           3         219           2          16           4          11           2           2           3           2           2           3           4           2           3           3           2           3           2           4           4           3           4           3           3           3           4           4           3           2           4           5           5           6           2           6           2           2           4           5           5           6           6           6           6           8      33      12      18      30      16      16      34      66
           3           3         220           2          16           4          11           2           2           3           2           1           2           2           3           3           1           4           2           3           1           3           3           4           4           4           2           3           2           3           3           3           4           4           3           2           5           2           2           2           2           3           4           3           3           2           7      31      14      10      24      11      13      17      41
           3           3         221           2          16           4          11                       2           3           2           1           3           3           2           2           1           2           1           1           2           2           3           3           3           3           2           2           1           2           1           1           4           4           4           3           4           2           3           3           4           4           3           3           3           5           6      21       9      10      19      12      15      22      49
           3           3         222           2          17           4          11           2           1           3           2           1           3           3           1           2           3           3           3           3           3           3           3           3           3           3           2           1           1           2           2           4           2           3           3           3           6           4           4           4           3           5           5           3           3           3           5      24      13      14      27       8      21      22      51
           3           3         223           2          18           4          11           2           3           1           2           2           2           1           1           1           1           2           1           1           1           1           1           2           3           3           1           1           1           2           1           1           3           3           4           4           6           3           3           2           4           5           5           5           6           4           7      16       7       5      12      10      18      29      57
           6           3                       2          14           4           9           1           2           3           2           2           1           2           2           1           1           2           1           3           2           2           3           2           2           2           2           2           3           3           2           2           5           5           6           4           6           6           4           6           6           5           6           5           5           6           8      23       9       8      17      16      26      33      75
           6           3                       1          15           4           9           2           1           2           2           1           1           2           1           2           1           3           4           4           3           2           1           4           4           4           4           3           2           3           1           2           5           6           6           6           5           1           5           1           4           5           3           1           5           1           8      28      13      10      23      17      18      19      54
           6           3                       1          15           3           9           1           1           2           2           2           2           3           1           1           1           3           1           1           1           1           2           4           3           3           2           2           1           3           1           3           5           4           6           5           5           3           4           3           4           5           6           5           4           4           8      24       8       7      15      15      20      28      63
           6           3                       1          14           4           9           1           1           3           2           2           2           1           3           1           1           4           2           2           1           1           3           4           2           4           1           1           1           3           1           1           6           5           6           4           6           5           6                       5           5                       4           6           6          10      21      13       5      18      17                        
           6           3                       1          15           4           9           1           2           3           2           2           2           3           1           1           1           1           2           1           1           1           1           3           1           2           1           1           1           1           1           1           5           5           6           4           6           4           5           5           6           5           5           5           3           4           8      13       7       7      14      16      24      28      68
           6           3                       2          15           4           9           2           1           2           2           2           1           2           1           2           1           1           1           2           2           3           4           2           3           1           1           1           2           1           1           3           5           5           5           4           6           5           5           4           5           5           5           6           6           5           9      19       6      10      16      15      24      32      71
           6           3                       2          15           4           9           1           6           3           2           2           2           2           1           1           1           2           1           1           1           2           1           2           1           1           1           1           1           2           1           1           5           5           5           4           6           4           4           5           5           6           6           5           6           5           8      12       7       7      14      15      23      33      71
           6           3                       1          14           4           9           1           1           3           2           2           2           1           2           3           3           4           2           3           1           1           2           4           2           1           1           2           1           3           3           2           5           4           5           4           6           3           3           1           5           4           4           5           4           3           6      21      13       9      22      14      17      25      56
           6           3                       1          14           4           9           1           1           2           2           2           2           2           3           3           1           3           2           3           2           3           2           3           3           1           2           1           1           3           1           3           6           6           6           4           6           4           6           6           5           5           2           5           6           6           9      20      13      11      24      18      26      29      73
           6           3                       2          14           4           9           1           1           2           2           2           1           3           1           2           1           2           1           2           3           2           2           4           2           3           1           1           2           2           1           1           4           4           4           3           6           5           5           4           4           5           5           4           4           5           9      19       7      11      18      12      23      27      62
           6           3                       1          15           4           9           1           1           2           2           1           1           2           1           1           1           2           1           3           1           1           3           4           2           3           2           2           3           3           2           2           5           4           4           3           5           1           4           4           5           4           5           4           5           5           7      26       8       6      14      13      17      28      58
           6           3                       1          15           4           9           1           1           2           2           1           2           3           1           1           1           3           1           1           2           3           3           4           4           4           3           1           1           4           1           1           4           3           5           3           6           4           5           4           5           5           6           3           3           6           6      26       8      10      18      12      22      28      62
           6           3                       2          14           4           9           1           1           3           2           1           2           1           1           1           1           3           1           2           1           1           2           3           2           2           1           1           2           2           2           1           5           4           6           3           6           2           2           1           5           3           4           4           5           2           8      18       9       5      14      15      14      23      52
           6           3                       2          14           4           9           1           1           2           2           2           1           3           1           2           1           2           1           1           1           3           2           3           2           3           1           1           1           2           1           1           4           5           1           2           6           5           4           4           5           6           5           4           4           5           8      17       6      10      16      10      21      29      60
           6           3                       1          15           4           9           1           1           2           1           2           2           3           3           2           1           2           1           2           3           3           2           3           3           4           3           2           1           2           1           1           4           4           5           2           5           2           3           2           4           5           4           4           4           5           8      22      10      12      22      13      14      26      53
           6           3                       1          14           4           9           1           1           2           2           2           1           2           1           2           1           2           2           2           1           1           2           2           1           2           2           3           1           2           2           1           5           5           5           2           6           6           6           5           5           5           5           3           5           4           7      18       8       7      15      15      25      27      67
           6           3                       2          15           4           9           1           1           2           2           1           2           3           1           2           2           3           1           1           4           3           2           3           2           4           2           1           2           4           1           1           6           5           6           5           6           2           5           6           5           6           5           6           6           6          10      22       8      14      22      17      24      34      75
           6           3                       1          14           4           9           1           2           2           2           1           1           2           1           1           1           1           1           1           1           2           1           2           1           1           1           1           1           1           1           1           5           5           6           5           6           5           5           5           6           5           5           5           5           5           9      11       5       7      12      16      26      31      73
           6           3                       2          15           4           9           1           1           3           2           2           2           2           2           3           1           4           4           3           2           3           2           3           3           2           3           2           2           3           4           4           5           4           4           4           6           4           3           3           4           3           5           4           3           2           7      28      15      11      26      13      20      21      54
           6           3                       2          15           4           9           1           1           3           2           2           2           3           1           2           1           3           2           3           2           3           4           4           4           4           4           4           4           4           3           3           5           5           5           3           5           5           6           6           5           5           6           5           4           5           7      38      11      11      22      15      25      30      70
           6           3                       1          15           4           9           1           1           2           2           1           2           1           1           3           1           3           2           1           2           3           3           2           2           1           2           1           1           4           1           2           6           6           6           2           6           5           6           4           6           5           6           5           4           4           8      19       9      10      19      18      23      30      71
           6           3                       2          15           4           9           1           1           3           2           2           2           3           2           2           1           2           2           3           2           2           3           3           2           4           1           4           3           2           2           1           5           4           4           2           6           3           5           5           5           5           5           4           2           1           8      25      11      10      21      13      21      22      56
           6           3                       2          15           4           9           1           1           2           2           2           2           3           2           1           1           2           2           2           1           1           2           1           1           2           1           1           2           2           1           1           5           5           4           2           6           3           2           2           4           5           5           5           3           4           8      14      10       7      17      14      15      26      55
           6           3                       1          15           4           9           1           1           2           2           2           1           2           1           2           1           2           1           1           1           2           2           2           1           1           1           1           1           1           1           1           4           4           5           1           2           1           2           3           5           5           2           2           3           4           8      12       6       8      14      13       9      21      43
           6           3                       2          15           4           9           6           6           3           2           1           1           2           3           1           1           1           1           2           1           1           2           2           1           2           1           1           1           2           1           1           6           6           6                       6           4           5           5           6           5           6           6           5           5          10      14       8       6      14      18              33        
           6           3                       2          15           4           9           1           1                       2           2           1           3           2           2           1           2           2           2           2           2           3           3           2           2           2           2           3           2           1           1                       5           5                       5           1           2           2           4           3           3           2           1           2           8      21       9      10      19                      15        
           6           3                       2          15           4           9           2           2           2           2           2           1           2           2           2           1           3           1           2           2           1           4           4           4           4           3           3           4           4           4           2           3           3           3           3           4           1           2           1           1           5           5           4           6           1           8      36       9       8      17       9      11      22      42
           6           3                       1          14           4           9           1           1           1           2           1           2           3           4           3           1           2           3           4           3           2           3           4           4           3           2           3           4           4           4           4           4           1           3           1           6           4           6           6           2           3           6           3           2           5           7      35      15      12      27       8      23      21      52
           6           3                       2          14           4           9           2           1           3           2           2           3           2           1           3           2           3           4           1           3           3           2           3           2           4           3           2           1           3           4           2           4           3           1           2           5           4           2           1           1           4           4           3           6           5           3      26      12      13      25       8      14      23      45
           6           3                       1                       4                       1           1           2           2           1           2           1           1           2           1           3           2           2           1           2           1           3           2           3           1           1           1           4           2           1           6           5           5           2           6           2           4                       6           6           6           5           5           5           9      19      10       7      17      16              33        
           6           3                       2          15           4           9           1           1           2           2           1           1           2           2           1           1           2           2           1           2           1           3           3           3                       2           3           4           4           2           2           4           4           5           5           2           4           5           5           5           5           4           4           5           5                           8       7      15      13      21      28      62
           7           3                       2          16           4           9           1           1           2           2           2           1           2           2           1           1           1           3           2           1           1           2           3           2           2           1           1           1           3           2           3           5           4           3           4           6           6           2           4           2           5           4           6           3           5           6      20       9       6      15      12      22      25      59
           7           3                       2          16           4           9           1           1           2           2           1           3           2           2           4           1           4           4           4           2           4           3           4           4           4           3           2           4           4           4           4           5           5           5           4           6           3           4           4           3           6           5           5           5           4                  36      17      13      30      15      21      28      64
           7           3                       2          16           4           9           1           1           2                       2           2           3           1           2           1           3           2           4           2           3           2           3           3           4           2           2           2           3           1           1           5           5           4           3           6           2           2           3           5           5           6           4           4           5           8      23      12      11      23      14      16      29      59
           7           3                       1          15           4           9           1           1           2           2           2           2           3           2           3           1           2           2           2           2           2           2           3           3           3           2           1           2           2           1           1           6           6           6           5           6           5           5           5           5           5           5           5           5           6           8      20      10      11      21      18      26      31      75
           7           3                       2          16           4           9           1           1           3           2           2           2           3           4           2           1           2           3           4           3           2           3           4           4           4           4           4           3           4           4           4           5           3           3           2           5           1           2           2           2           5           4           5           4           4           8      38      15      11      26      11      12      24      47
           7           3                       2          16           4           9           1           1           2           2           1           2           2           2           2           1           3           1           3           3           3           3           3           4           4           3           2           2           3           3           3           5           4           6           3           6           5           5           3           3           4           5           5           4           5           8      30      11      11      22      15      22      26      63
           7           3         400           1          16           4           9           1           1           2           1           2           2           3           3           2           1           3           3           1           2           2           3           4           3           4           2           1           3                       1           1           4           4           4           1           5           2           5           5           5           6           5           3           3           5           6              12      10      22      12      18      27      57
           7           3         401           1          16           4           9           6           6           2           2           1           3           2           2           2           1           3           2           2           2           1           2           2           3           3           2           3           2           3           1           1           5           5           4           3           6           6           3           4           4           5           6           4           2           3           8      22      12       8      20      14      22      24      60
           7           3         402           1          16           4           9           1           1           3           2           1           1           2           1           2           1           2           2           1           1           2           2           2           1           2           2           2           1           1           1           1           5           5           5           4           4           5           4           3           5           5           4           4           6           5           8      15       7       8      15      15      20      29      64
           7           3         403           1          16           4           9           1           1           2           2           1           2           3           1           2           1           1           1           2           2           3           2           2           3           2           1           1           1           1           1           1           5           5           5           5           5           5           5           3           6           5           5           6           5           6           8      15       7      11      18      15      23      33      71
           7           3         404           1          15           4           9           1           1           1           2           1           1           3           1           2           1           3           2           2           1           3           2           3           3           4           1           1           2           3           2           2           2           2           1           4           6           1           1           1           5           5           5           2           6           3           6      23       9      10      19       5      13      26      44
           7           3         405           1          16           4           9           1           1           2           2           2           1           2           1           3           1           1           1           2           1           2           2           2           1           1           1           1           1           1           2           2           6           5           5           2           5           6           5           5           5           5           6           4           4           5           5      14       6       9      15      16      23      29      68
           7           3         406           2          17           4           9           3           1           3           2           2           1           4           2           3           1           2           1           1           2           3           3           4           4           4           3           2           4           4           2           3           4           4           4           1           3           1           2           1           4           5           5           3           3           5           7      33       7      13      20      12       8      25      45
           7           3         407           2          16           4           9           1           1           3           2           1           2           3           2           4           1           3           2           2           3           3           3           2           3           2           3           3           4           2           3           3           4           4           3           2           6           3           2           2           5           5           4           3           5           3           7      28      11      14      25      11      15      25      51
           7           3         408           2          16           4           9           1           1           2           2           2           2           3           1           1           1           2           2           3           3           2           2           3           2           3           1           1           3           2           1           2           5           5           6           3           6           4           3           3           5           5           6           5           5           5           9      20      10      10      20      16      19      31      66
           7           3         409           2          15           4           9           1           1           2           2           2           2           3           3           3           1           3           2           1           3           3           3           3           2           4           1           1           2           3           1           2           4           5           5           3           6           6           6           4           5           4           6           5           4           5           9      22      11      13      24      14      25      29      68
           7           3         410           1          16           4           9           1           1           2           2           2           1           2           1           2           1           3           2           1           1           2           3           2           2           3           2           1           1           1           1           1           5           5           5           2           6           4           5           4           5           5           5           4           5           6           8      17       8       8      16      15      21      30      66
           7           3         411           1          16           4           9           1           1           1           1           1           2           2           1           2           1           2           1           4           1           2           2           2           4           4           3           3           3           4           3           1           5           4           4           6           6           6           3           4           5           5           6           5           6           6           8      29      10       8      18      13      25      33      71
           7           3         412           1          15           4           9           1           1           2           2           2           2           1           2           1           1           2           2           2           1           1           3           3           3           3           2           2                       2           1           3           4           4           2           2           5           2           2           2           2           5           4           5           2           4           8              10       5      15      10      13      22      45
           7           3         413           1          15           4           9           1           1           2           2           2           2           2           1           1           1           2           1           1           1           2           2           3           2           3           1           2           1           2           1           1           5           5           6           3           6           4           5           1           4           6           6           3           4           5           9      18       7       7      14      16      19      28      63
           7           3         414           2          16           4           9           1           1           3           2           2           3           3           2           3           1           2           3           3           1           3           3           4           4           2           2           2           2           3           3           2           4           4           2           2           4           3           3           2           1           5           5           4           1           2           9      27      13      11      24      10      14      18      42
           7           3         415           2          16           4           9           2           1           2           1           2           3           2           1           4           1           1           3           2           3           4           2           4           4           3           2           3           4           3           2           1           5           3           4           5           4           5           4           3           5           6           4           5           6           4           8      28      10      14      24      12      21      30      63
           7           3         416           1          16           4           9           1           1           3           2           2           1           2           1           1           1           2           1           1           2           2           2           1           3           2           1           2           1           1           1           1           5           5           1           1           6           1           1           6           6           5           3           2           6           1           5      15       6       8      14      11      15      23      49
           7           3         417           1          16           4           9           1           1           2           2           2           2           4           2           1           1           2           2           1           1           1           3           3           1           2           1           1           1           2           1           1           5           5           5           2           3           1           2           2           5           3           3           3           5           5           8      16       9       8      17      15      10      24      49
           7           3         418           1          16           4           9           1           1           2           1           2           2           3           1           2           3           2           3           1           1           4           2           3           3           3           2           2           4           1           2           3           6           5           6           6           4           5           2           3           6           4           5           5           5           6           8      25       9      13      22      17      20      31      68
           7           3         419           1          16           4           9           1           1           3           2           1           2           2           2           2           1           2           3           2           2           2           2           3           2           2           1           2           1           2           2           2           5           4           5           3           5           3           2           2           4           5           4           3           3           3           7      19      11       9      20      14      15      22      51
           7           3         420           2          16           4           9           1           1           3           1           2           2           2           3           2           2           4           3           2           2           2           4           4           4           4           3           1           2           4           2           3           5           4           4           4           6           5           5           4           5           5           6           6           6           5           7      31      14      10      24      13      24      33      70
           7           3         421           2          16           4           9           1           1           2           2           1           2           2           3           3           1           3           2           3           2           2           4           4           4           4           3           4           4           4           2           2           5           5           3           2           4           3           4           4           4           5           6           6           5           6           7      35      13      10      23      13      17      32      62
           7           3         422           2                       4           9           1           2           3           2           1           3           3           3           2           2           3           1           2           2           3           2           3           3           2           3           1           4           2           1           3           6           5           6           3           6           6           5           2           5           5           6           6           6           6           8      24      12      12      24      17      22      34      73
           7           3         423           2          16           4           9           1           1           2           2           2           1           3           4           4           1           4           2           1           4           4           2           4           1           4           2           3           1           2           3           1           3           3           2           1           1           1           3           4           4           4           1           2           2           1           5      23      12      16      28       8      10      14      32
           7           3         424           2          15           4           9           6           6           2           2           1           2           3           2           3           1           1           1           2           3           2           2           2           1           2           1           1           1           2           1           1           4           5           5           2           5           4           4           4           5           5           4           4           4           5           9      14       8      12      20      14      19      27      60
           7           3         425           2          15           4           9           1           1           3           1           1           2           2           1           3           1           3           2           3           2           2           3           4           4           4           3           3           3           4           3           2           4           3           2           1           3           1           2           2           2           3           3           4           2           1           4      33      11      10      21       9       9      15      33
           7           3         426           2          16           4           9           1           1           1           2           2           2           1           1           1           1           3           2           2           1           2           3           4           3           4           3           1           1           3           2           4           5           3           6                       2           1           2           3           6           5           6           6           6           6          10      28      10       6      16      14              35        
           8           3         463           1          16           2          10           1           1           2           2           2           3           4           1           2           1           1           3           1           4           2           4           3           3           1           2           1           3           1           1           2           5           6           6           3           1           1           1           6           6           6           5           6           6           6           8      21       9      13      22      17      12      35      64
           8           3         458           2          15           2          10           1           1           2           2           2           2           2           3           2           1           3           2           1           1           2           3           4           4           4           1           3           3           4           2           1           5           4           4           3           5           2           2           5           6           6           5           4           4           5           7      29      11       8      19      13      17      30      60
           8           3         464           1          15           2          10           1           1           2           2           1           1           4           1           1           1           1           1           2           1           1           2           2           1           1           1           1           1           1           1           1           5           5           6           4           6           6           4           2           6           5           6           4           5           5           9      12       6       8      14      16      22      31      69
           8           3         466           1          15           2          10           2           1           2           2           1           2           1           2           2           1           1           2           1           1           2           1           2           3           3           1           1           1           1           2           3           5           5           5           2           6           5           6           6           6           4           6           5           4           4           7      18       8       7      15      15      25      29      69
           8           3         473           1          15           2          10           1           2           1           2           2           2           3           1           2           1           4           2           2           1           4           3           2           1           1           1           1           1           3           1           3           5           4           5           2           6           3           4           1           6           6           5           3           6           6           9      17      11      11      22      14      16      32      62
           8           3         456           1          15           2          10           1           1           3           2           2           1           2           2           1           1           3           1           2           2           2           2           2           1           1           1           1           1           3           2           3           6           5           6           2           4           1           5           5           5           4           6           6           4           6           8      17       9       8      17      17      17      31      65
           8           3         467           2          16           2          10           1           1           3           2           2           2           3           1           1           1           2           1           3           1           2           3           3           1           2           1           1           1           2           2           1           5           5           5           3           4           1           4           2           5           5           5           4           4           5           7      17       9       8      17      15      14      28      57
           8           3         457           1          15           2          10           1           1           3           2           2           2           1           2           2           1           2           1           1           3           2           2           3           2           2           1           2           1           1           1           1           4           4           5           2           5           2           2           2           5           4           6           4           2           2           9      16       8       9      17      13      13      23      49
           8           3         465           2          16           2          10           1           1           3           2           2           2           4           3           4           1           1           2           3           4           4           2           3           2           4           2           2           4           2           1           1           4           5           5           1           5           2           5           6           5           5           5           3           5           5           8      23      11      17      28      14      19      28      61
           8           3         476           1          16           2          10           1           1           2           2           1           2           2           2           2           1           2           3           2           2           2           3           2           2           2           2           1           1           2           2           2           6           5           5           3           5           4           5           4           5           5           6           5           5           4           8      19      11       9      20      16      21      30      67
           8           3         454           2          15           2          10           1           1           2           2           2           3           2           2           1           1           3           2           2           3           4           3           3           4           3           1           2           3           3           2           4           6           4           5           4           6           6           5           4           5           4           4           4           3           5           8      28      12      11      23      15      25      25      65
           8           3         460           1          16           2          10           1           1           2           2           2           2           3           1           1           1           4           2           1           1           1           4           2           3           4           1           2           1           2           1           2           5           5           4           4           6           3           4           3           5           6           6           5           5           5           9      22      10       7      17      14      20      32      66
           8           3         462           2          16           2          10           1           1           2           2           2           2           2           1           1           1           4           3           3           2           1           3           4           3           3           3           2           3           2           2           2           5           4           5           2           6           2           5           5           5           3           4           4           5           4           7      27      13       7      20      14      20      25      59
           8           3         474           1          15           2          10           1           1           3           1           2                       2           2           2           1           1           3           2           2           1           1           2           2           2           2           1           1           3           2           1           4           5           5           3           6           2           3           5           5           5           4           5           4           5           9      17               8              14      19      28      61
           8           3         479           2          16           2          10           1           1           2           2           2           2           3           2           1           1           3           2           2           2           3           3           4           3           3           2           2           2           2           2           2           5           4           4           3           6           3           4           4           5           5           6           5           4           4           7      25      11      10      21      13      20      29      62
           8           3         480           2          16           2          10           1           1           2           2           2           1           3           3           2           1           4           4           2           3           2           3           4           2           3           2           3           2           4           1           1           4           5           4           4           3           2           4           1           4           6           5           4           4           6           7      25      14      11      25      13      14      29      56
           8           3         455           1          15           2          10           1           1           4           2           2           1           3           2           3           1           1           1           1           3           4           3           4           4           4           2           3           1           2           1           4           6           5           5           2           5           1           6           2           4           4           4           5           6           5           7      28       6      14      20      16      16      28      60
           8           3         468           1          16           2          10           1           1           2           2           2           1           1           2           1           1           2           2           1           1           1           1           1           1           1           1           1           1           1           1           1           5           5           5           2           5           2           6           3           4           5           5           1           1           1           9      10       8       5      13      15      18      17      50
           8           3         471           1          16           2          10           1           1           1           2           2           1           4           1           2           1           3           2           1           3           2           4           4           4           4           2           3           4           1           2           2           5           5           6           4           5           1           2           3           4           5           3           3           3           4           9      30       8      12      20      16      15      22      53
           8           3         481           1          16           2          10           1           1           1           2           2           2           1           2           1           1           3           1           3           1           2           2           3           2           4           1           2           1           3           2           2           5           4           4           2           5           1           1           1           4           4           5           3           2           3           7      22      11       6      17      13      10      21      44
           8           3         459           2          15           2          10           1           1           2           2           2           2           2           2           3           1           3           3           3           1           3           4           4           4           4           2           2           2           4           3           4           5           4           5           1           6           2           5           5           4           4           5           4           5           6           8      33      13      10      23      14      19      28      61
           8           3         461           2          15           2          10           1           1           2           2           2           2           2           2           1           1           2           2           3           1           1           3           3           4           3           3           2           4           3           3           4           5           4           4           3           6           6           5           3           4           4           2           3           4           4           9      32      11       6      17      13      23      21      57
           8           3         477           1          16           2          10           1           1           2           2           2           2           2           3           2           1           3           3           2           2           1           3           3           3           3           2           2                       3           2           1           5           4           5           4           6           4           4           3           4           4           4           4           4           4           8              13       8      21      14      21      24      59
           8           3         472           1          16           2          10           1           1           3           2           2           4           4           4           4           2           3           4           4           4           3           4           4           4           3           3           4           4           4           2           4           3           2           1           1           2           1           6           5           3           2           2           2           2           5           3      36      19      17      36       6      15      16      37
           8           3         470           2          15           2          10           1           1           2           1           2           2           2           3           2           1           3           3           3           2           2           2           2           3           3           2           3           2           3           3           4           4           3           2           2           5           2           2           1           2           4           5           4           4           4           7      27      14       9      23       9      12      23      44
           8           3         469           1          16           2          10           1           1           2           2           1           1           2           3           1           1           4           2           2           1           3           1           4           1           4           2           4           1           4           4           4           5           4           1           1           2           2           3           1           1           2           3           4           4           2           7      29      12       8      20      10       9      16      35
           8           3         475           1          16           2          10           1           1           2           2           2           2           1           1           1           1           3           2           3           1           1           1           2           2           3           3           3           2           3           4           3           6           5           5           4           6           2           1           2           1           5           6           1           1           4           8      26      11       5      16      16      15      18      49
           8           3         478           2          15           2          10           1           1           2           1           2           1           1           1           1           1           1           1           1           1           2           1           4           3           1           1           4           3           4           2           2           2           1           1           6           6           1           1           1           1           6           6           6           6           1           9      25       5       6      11       4      15      26      45
           9           3         923           1          15           4           9           1           2           3           2           2           1           3           2           4           1           3           1           2           1           1           2           3           1           4           2           1           4           3           4           3           5           4           6           5           3           4           5           4           6           5           1           4           2           6           8      27       9      10      19      15      21      24      60
           9           3         920           1          15           4           9           4           3           3           2           2           2           3           1           1           1           1           2           1           3           3           1           3           1           2           2           1           1           2           1           1           5           4           4           1           5           2           3           1           6           5           5           2           6           6           7      15       7      11      18      13      12      30      55
           9           3         925           1          15           4           9           2           2           3           2           2           2           2           2           2           1           2           1           2           1           2           1           2           2           2           1           1           1           2           1           2           6           6           6           2           5           2           5           6           6           5           6           6           6           5           8      15       9       8      17      18      20      34      72
           9           3         921           1          15           4           9           3           6           2           2           2           1           3           2           2           1           1           2           3           1           3           3           2           2           3           2           1           1           3           2           3           5           4           5           4           6           6           5           6           6           4           6           6           6           6           8      22       9      10      19      14      27      34      75
           9           3         912           1          15           4           9           2           1           3           2           1           1           2           1           2           1           2           2           3           3           2           3           2           4           4           4           3           3           1           3           4           5           5           5           2           6           4           4           1           6           5                       6           6           6           7      31       9      10      19      15      17                
           9           3         908           1          16           4           9           2           2           2           1           2           2           2           1           3           1           3           2           2           1           3           2           1           1           2           2           1           1           2           1           2           5           5           6           6           6           6           5           4           6           5           5           4           6           6           9      15      10      10      20      16      27      32      75
           9           3         954           1                       4          11           3           1           3           2           2           3           4           2                       1           4           3           3           4           1           2           4           2           4           2           1           1           4           3           3           4           4           3           1           6           1           2           2           6           3           6           6           4           1           7      26      15                      11      12      26      49
           9           3         904           1          16           4           9           2                       3           1           2           3           1           4           1           1           4           4           1           2           1           3           2           2           1           2           1           1           1           1           2           1           1           1           1           5           6           6           6           6           4           5           6           6           6           4      16      16       6      22       3      24      33      60
           9           3         951           1          18           4          11           2           1           3           2           1           1           2           1           1           1           1           2           1           1           1           2           2           2           1           1           1           1           1           2           1           5           5           5           1           1           1           2           1           5           5           6           2           5           4           6      14       6       6      12      15       6      27      48
           9           3         907           1          15           4           9           1           1           2           2           2           2           2           1           1           1           2           1           2           1           1           2           2           1           2           1           1           1           2           3           2           5           4           5           3           4           4           5           3           5           5           5           5           5           4           9      17       8       6      14      14      19      29      62
           9           3         946           1          17           4          11           1           2           3           2           2           1           3           1           1           1           2           1           1           2           1           1           2           1           2           1           1           1           1           2           1           4           4           5           5           4           4           3           4           5           5           6           5           4           5           7      13       6       8      14      13      20      30      63
           9           3         916           1          15           4           9           2           2           3           2           2           1           1           1           1           1           2           2           1           1           1           3           4           1           2           2           1           1           2           2           3           5           4           3           1           5           3           4           5           5           4           5           4           5           4           7      21       7       5      12      12      18      27      57
           9           3         901           1          14           4           9           3           1           3           2           2           3           4           1           2           1           3           1           1           3           1           4           2           1           2           3           1           1           2           1           1           4           5           5           3           5           2           5           6           5           2           1           4           6           5           8      18       9      11      20      14      21      23      58
           9           3         911           1          16           5           9           3           6                       2           2           1           1           1                       1           2           2           1           2           1           1           3           1           3           1           1           1           2           1           1           6           5           6           4           5           5           5           5           5                       1           4           6                       9      15       7                      17      24                
           9           3         922           1          16           2           9           2           3           3           2           2           2           2           1           1           1           2           1           2           1           1           3           3           1           2           3           2           4           3                       3           2           3                       2           5           3           2           3           5           3           4           2           3           4                           8       6      14              15      21        
           9           3         924           1          15           4           9                                   3           2           2           1           2           1           2           1           2           1           2           2           2           2           3           2           2           1           1           1           3           2           2           5           3           5           3           5           1           5           4           5           5           5           6           6           5           8      19       7       9      16      13      18      32      63
           9           3         952           1          17           4          11           6           2           3           2           2           1           1           1           2           1           2           1           2           2           2           1           2           1           2           1           1           1           2           1           2           5           4           4           3           5           3           3           4           5           5           4           3           4           4           7      14       7       8      15      13      18      25      56
           9           3         961           1          17           4          11           1           1           3           1           2           2           3           1           1           1           1           1           2           1           2           1           1           2           2           3           3           2           3           4           4           4           3           2           4           5           3           6           4           5           5           3           5           4           6                  25       7       8      15       9      22      28      59
           9           3         942           1          18           4          11           1           1           3           1           1           3           2           2           2           1           3           2           2           1           2           2           3           4           3           1           2           1           2           2           1           4           5           6           1           5           3           2           3           5           5           5           4           4           4           7      21      12       8      20      15      14      27      56
           9           3         930           2          17           4          11           3           3           3           1           1           2           2           1           2           1           3           3           2           1           2           2           2           3           2           1           1           1           3           1           1           5           4           4           3           5           4           5           5           5           5           6           5           4           4           6      17      11       8      19      13      22      29      64
           9           3         955           1          17           4          11           4           1           3           2           2           2           2           3           2           1           1           1           3           2           2           3           3           3           3           3           2           2           3           2           1           5           5           5           3           5           1           1           3           5           5           5           4           4           4           9      25      10       9      19      15      13      27      55
           9           3         900           1          15           4           9           1           1           3           2           2           2           3           1           1           1           2           1           1           1           1           2           3           1           3           1           2           1           4           1           1           6           5           5           4           6           3           5           4           5           6           5           4           5           6           8      19       7       7      14      16      22      31      69
           9           3         915           1          15           4           9           2           2           3           2           1           2           2           2           2           1           4           2           3           2           2           3           3           4           4           2           2           3           4           1           3           2           5           4           4           6           3           4           3           5           3           4           5           3           4           7      29      13       9      22      11      20      24      55
           9           3         909           1          15           4           9           1           1           3           1           2           2           3           4           4           1           4           2           4           3           4           3           2           2           2           1           1           1           2           1           1           5           5           5           3           6           5           5           5           5           4           6           5           5           5           9      16      16      15      31      15      24      30      69
           9           3         906           1          15           4           9           3           2           3           2           2           2           2           3           2           1           3           3           2           1           1           3           3           3           4           2           1           1           2           2           2           6           5           5           3           6           3           4           4           5           5           5           4           5           4           7      23      13       7      20      16      20      28      64
           9           3         933           2          17           4          11           3           3           3           1           2           2           1           1           1           1           2           2           1           1           2           2           3           2           3           1           2           2           3           3           3           4           2           2           1           6           3           5           4           5           5           6           2           4           4           7      24       8       6      14       8      19      26      53
           9           3         934           1          18           4          11           3           3           3           1           1           2           1           1           2           1           3           1           1           1           3           1           3           1           2           1           1           1           2           2           2           5           4           6           6           6           6           1           5           5           6           3           4           6           6           6      16       8       8      16      15      24      30      69
           9           3         956           2          17           4          11           2           2           3           2           2           1           2           1           2           1           1           1           1           1           2           2           3           2           2           1           1           1           1           2           3           5           5           5           2           6           5           5           5           5           5           6           5           5           5           9      18       5       8      13      15      23      31      69
           9           3         939           1          17           4          11           2           3           3           2           2           1           1           1           2           1           2           3           2           2           3           3           4           2           3           2           3           3           2           4           2           5           2           5           3           6           1           1           2           5           4           5           4           2           6           8      28       9       9      18      12      13      26      51
           9           3         945           2          17           4          11           1           1           2           2           1           2           3           2           2           1           3           1           3           1           3           2           2           2           3           1           2           2           1           1           2           5           4           4           4           6           3           4           3           5           4           5           5           5           4           8      18      11      10      21      13      20      28      61
           9           3         910           1                       4           9           3           4           3           2           1           1           2           1           2           1           1           1           2           1           1           4           1           3           3           2           1           1           2           1           3           4           6           6           1           2           1           1           5           4           1           1           5           2           6           9      21       6       7      13      16      10      19      45
           9           3         937           2          17           4          11           2           3           3           2           1           2           2           4           3           1           1           1           3           2           3           3           4           3           3           2           3           4           2           1           4           4           5           5           2           2           1           1           3           4           6           3           5           5           6           5      29      11      11      22      14       9      29      52
           9           3         931           1          18           4          11           2           3           3           2           1           1           1           1           1           1           1           1           1           1           2           2           2           1           1           1           1           1           1           1           1           5           5           5           2           3           3           1           3           4           3           2           2           2           2           9      12       5       6      11      15      12      15      42
           9           3         960           2          17           4          11           3           1           3           2           2           2           1           3           4           1           3           3           3           3           4           2           4           3           4           1           1           2           3           1           2           5           5           2           2           3           2           2           3           4           5           4           3           4           3           6      23      14      13      27      12      12      23      47
           9           3         902           1          15           4           9           3           3           2           1           2           2           3           2           1           1           3           1           2           1           2           2           1           3           3           1           1           1           2           1           1           4           3           5           2           4           2           5           3           4           5           3           3           2           2           8      16      10       8      18      12      16      19      47
           9           3         913           1          16           4           9           6           6           1           2           1           1           3           3           1           1           2           1           1           1           1           1           2           1           1           2           2           2           2           1           2           5           4           5           2           5           4           4           4           4           6           6           4           3           5           7      16       8       7      15      14      19      28      61
           9           3         919           1          15           4           9           6           6           3           2           2           2           2           2           1           1           1           1           2           1           2           3           3           2           1           1           1           1           1           2           2           5           5           4           2           5           4           5           4           4           3           5           4           6           5           8      17       8       7      15      14      20      27      61
           9           3         944           2          17           4          11           3           2           3           2           1           2           3           3           3           1           2           1           3           2           2           2           3           3           2           1           2           1           2           1           3           4           4           4           4           5           6           5           5           4           5           4           5           4           4           7      20      11      11      22      12      25      26      63
           9           3         950           1          17           4          11           3           2           2           2           2           1           2           2           1           1           2           3           3           2           1           2           3           2           2           2           1           1           2           1           2           5           5           4           1           5           1           1           2           4           2           4           2           2           4           8      18      11       7      18      14      10      18      42
           9           3         941           1          17           4          11           2           2           3           2           1           3           3           1           2           1           3           1           4           3           2           4           4           3           4           3           4           2           3           1           2           5           4           1           1           5           2           1           6           4           5           6           5           6           4           6      30      12      11      23      10      15      30      55
           9           3                       1          17           4          11           3           2           1           1           1           2           3           1           2           1           3           1           3           2           3           4           3           3           3           3           2           3           3           3           2           5           4           4           2           5           4           5           1           4           4           5           5           5           5           9      29      10      11      21      13      17      28      58
           9           3         957           2          17           4          11           3           2           3           2           1           2           3           1           1           1           3           2           3           3           1           3           4           2           3           1           1           2           2           2           3           5           5           4           3           5           4           6           3           4           5           6           5           5           6           5      23      11       9      20      14      21      31      66
           9           3         918           1          15           4           9           3           1           3           1           2           2           1           2           2           1           3           2           2           1           2           2           4           2           3           2           2           1           1           1           2           6           4           5           3           6           4           5           4           4           5           5           5           6           4           7      20      11       7      18      15      22      29      66
           9           3         936           2          17           4          11           3           2           2           2           2           2           3           4           3           1           1           3           2           1           4           4           4           2           3           2           1           2           3           2           1           5           4           5           3           6           6           4           3           4           6           5           4           4           5           7      24      12      12      24      14      22      28      64
           9           3         905           1          15           4           9           3           1           3           1           2           2           2           1           1           1           2           2           1           1           1           2           3           3           4           2           1           1           3           1           1           4           4                       2           3           3           2           1           3           4           3           3           3           3           6      21       8       6      14              11      19        
           9           3         914           1          17           4           9           2           2           3           2           1           2           2           2                       3           4           3           3           2           1           2           3           2           3           1           1           2           3           2           3           5           4           5           4           3           4           4           5           3           3           4           5           3           4           6      22      14                      14      20      22      56
           9           3         947           2          17           4          11           2           3           2           2           2           2           2           2           3           1           3           2           4           2           4           4           4           4           4           2           2                       4           2           3           5           5           5           3           3           1           1           1           3           4           4           4           3           4           8              13      12      25      15       9      22      46
           9           3         958           2          19           4          11           2           1           2           1           2           2           3           2           2           1           2           3           2           2           3           2           2           3           4           2           1           3           2           4           3           5           4           5           2           5           5           4           4           3           4           4           4           4           4           8      26      11      11      22      14      20      23      57
           9           3         903           1          15           4           9           2           1           3           2           1           2           2           3           1           1           3           1           3           2           1           3           2           3           2           1           4           1           1           1           1           5           5           4           2           6           6           5           3           3           2           4           5           6           6           7      19      12       7      19      14      22      26      62
           9           3         959           2          17           4          11           2           6           4           2           1           2           1           3           3           1           1           1           2           4           2           2           3           2           2           1           1           1           4           1           2           4           3           4           2           6           1           1           1           3           5           2           3           5           4           6      19       9      11      20      11      11      22      44
           9           3         935           2          17           4          11           1           1           3           2           2           2           2           3           1           1           3           1           3           2           2           2           3           3           3           2           3           3           4           2           3           6           5           5           2           6           4           5           3           3           5           5           3           3           4           8      28      12       8      20      16      20      23      59
           9           3         943           1          17           4          11           2           2           2           2           2           2           1           2           1           1           3           2           2           1           1           2           3           1           4           2           2           3           2           4           2           4           4           4           2           6           2           5           1           3           5           6           6           5           6           7      25      11       5      16      12      16      31      59
           9           3                       1          17           4          11           3           2           3           2           1           1           3           2           4           1           2           2           4           4           4           3           2           2           1           1           1           3           2           4           1           3           2           6           1           1           1           1           4           2           5           6           2           2           1           6      20      11      16      27      11       8      18      37
           9           3         917           1          15           4           9           1           1           3           1           2           2           2           3           2           1           2           3           4           1           2           3           4           2           3           2           2           3           4           2           2           4           5           6                       2           4           3           3           2           3           4           2           1           2           7      27      14       8      22      15              14        
           9           3                       2          17           4          11           2           3           3           2           2           2           4           3           4           1           3           3           3           2           4           3           4           4           3           3           2           4           3           4           3           3           3           2           4           5           3           3           4           2           4           2           3           5           3           6      33      14      15      29       8      19      19      46
           9           3         932           2          17           4          11           3           3           3           1           1           2           1           2           1           1           2           2           1           1           1           2           2           2           3           1           2           2           2           2           2           5           5           5           4           6           4           4           4           2           6           2           3           3           5           8      20       9       5      14      15      22      21      58
           9           3         963           2          17           4          11           3           3           3           2           2           2           1           1           1           1           3           2           4           3           1           3           4           3           4           3           2           2           3           3           3           4           3           2           1           6           1           2           2           2           4           4           2           3           3           7      30      12       7      19       9      12      18      39
           9           3         953           2          17           4          11           1           1           3           2           1           4           1           1           2           1           3           2           2           2           3           3           4           3           2           1           2           4           2           3           2           4           3           3           2           6           2           2           2           2           4           3           4           3           5           5      26      12       9      21      10      14      21      45
           9           3         940           2          17           4          11           6           6           3           2           2           2           3           1           3           1           1           2           1           2           4           1           2           3           2           1           1           1           2           1           2           1           2           1           2           2           1           1           2           1           2           2           2           1           1           5      16       7      13      20       4       8       9      21
           9           3         962           2          17           4          11           6           2           3           2           2           2           2           2           1           1           3           3           2           1           2           4           4           4           3           3           3           3           2           3           2           4           3           2           1           4           1           2           3           1           4           4           4           4           3           4      31      12       7      19       9      11      20      40
           9           3         938           2          17           4          11           3           3           3           2           2           2           4           2           3           1           2           2           3           4           4           2           2           1           4           3           2           1           3           3           2           2           1           1           1           5           1           1           1           1           2           5           2           1           1           5      23      11      16      27       4       9      12      25
           9           3         949           2          17           4          11           6           2           3           2           2           2           1           3           1           1           2           2           2           1           1           2           3           4           2           1           1           3           3           4           3           4           1           1           1           6           5           4           2           1           1           5           1           5           4           5      26      11       5      16       6      18      17      41
           9           3         948           2          16           4          11           2           3           2           2           2           4           2           1           3           1           1           4           4           4           1           4           4           4           1           3           2           4           4           3           4           3           2           1           6           6           1           2           2           1           2           6           3           6           1           2      33      14      11      25       6      17      19      42
          10           3         504           1          16           2          10           6           6           3           1           1           1           1           1           1           1           1           1           1           1           1           3           1           1           1           1           2           1           1           1           2           6           5           1                       6           6           6           6           6           4           6           6           6           6           7      14       5       5      10      12              34        
          10           3         519           2          15           2          10           2           2           3           1           2           1           2           2           2           1           2           1           2           3           2           3           2           2           3           1           1           1           3           1           2           5           4           5           3           6           1           2           4           6           5           6           3           4           2           7      19       8      10      18      14      16      26      56
          10           3         501           1          15           2          10           1           1           2           2           2           1           2           1           3           1           2           1           1           1           1           2           3           2           3           1           1           1           1           2           1           5           4           6           5           6           6           6           6           6                       5           6           6           5          10      17       6       8      14      15      29                
          10           3         515           2          16           2          10           2           2           3           2           2           4           2           3           3           2           3           2           3           4           4           3           4           3           4           3           2           4           4           1           3           3           4           3           2           2           5           4           5           5           4           4           6           5           3           9      31      15      15      30      10      18      27      55
          10           3         522           1          16           2          10           6           6           3           2           1           2           2           1           1           1           2           1           1           1           1           2           1           1           1           1           1           1           2           1           1           5           4           5           1           2           2           2           2           5           5           3           3           2           2           8      12       7       6      13      14       9      20      43
          10           3         507           2          16           2          10           3           3           2           2           2           2           1           1           1           1           2           1           3           1           2           1           2           1           1           1           1           1           1           1           2           5           5           5           2           4           2           1           3           5           4           6           5           5           5          10      12       9       6      15      15      12      30      57
          10           3         509           1          15           2          10           6           6           3           2           1           1           4           2           2           1           3           1           3           3           1           2           3           1           3           2           1           1           4           1           1           5           5           5           3           5           2           2           5           5           4           4           2           3           4           7      19      10      11      21      15      17      22      54
          10           3         511           1          16           2          10           6           6           3           2           2           1           1           1           1           1           2           2           1           1           1           2           3           2           3           1           1           1           2           1           1           6           5           5           1           6           4           4           4           5           4           5           4           5           5           7      17       7       5      12      16      19      28      63
          10           3         529           2          16           2          10           1           1           2           2           1           2           2           1           1           1           3           1           2           1           2           3           2           2           2           1           1           1           2           1           2           5           4           4           3           6           3           4           3           5           5           5           4           4           4           8      17       9       7      16      13      19      27      59
          10           3         523           1          16           2          10           6           1           2           2           1           3           1           1           1           1           4           1           2           1           3           1           2           1           2           1           1           1           2           1           1           5           5           5           6           6           4           4           5           5           5           6           5           5           6           4      13      11       7      18      15      25      32      72
          10           3         502           1          16           2          10           2           2           3           2           1           2           2           1           2           1           2           1           2           1           1           1           2           2           1           1           1           1           2           1           2           5           3           5           4           6           3           4           4           5           4           5           4           4           4           7      14       8       7      15      13      21      26      60
          10           3         505           1          16           2          10           2           1           2           2           2           2           1           1           2           1           2           2           1           2           3           2           2           2           1           1           1           1           2           1           2           5           5           5           3           5           2           3           4           4           4           2           3           3           4           7      15       8       9      17      15      17      20      52
          10           3         528           2          16           2          10           3           3           3           1           2           3           4           3           4           1           3           1           3           3           4           3           4           2           3           2           2           4           4           2           4           4           4           4           2           5           2           2           1           4           3           4           4           5           2           7      30      13      16      29      12      12      22      46
          10           3         503           1          17           2          10           3           3           2           2           2           2           2           2           1           3           3           1           2           2           2           3           3           2           2           1           1           3           2           1           1           4           4           5           5           6           4           4           2           4           2           6           4           5           4           6      19      10      10      20      13      21      25      59
          10           3         500           2          17           2          10           2           2           2           2           2           3           2           1           3           1           1           2           2           1           2           1           2           4           2           2           1           1           2           1           2           4           4           5           3           6           5           5           3           4           4           6           5           4           4           8      18       9       9      18      13      22      27      62
          10           3         512           2          16           2          10           2           1           3           2           2           2           2           1           3           1           3           2           3           2           3           2           3           3           4           2           1           4           4           4           3           3           3           3           2           6           3           2           3           4           4           5           5           2           2           6      30      11      11      22       9      16      22      47
          10           3         525           2          16           2          10           2           2           2           2           1           2           1           2           3           1           2           1           1           1           3           2           3           2           3           1           1           1           3           1           2           4           3           3           3           4           3           4           2           3           2           5           4           3           3           8      19       8       9      17      10      16      20      46
          10           3         517           1          16           2          10           1           1           3           1           2           2           2           3           1           3           4           2           2           3           2           4           4           4           4           4           4           3           4           3           3           5           4           6           3           6           5           5           4           3           6           4           5           4           5           9      37      13      11      24      15      23      27      65
          10           3         510           1          16           2          10           1           1           3           2           2           2           3           3           2           1           3           1           2           3           3           4           4           4           4           2           2           3           4           3           1           5           5           5           3           6           4           3           6           3           5           5           6           4           6           7      31      11      12      23      15      22      29      66
          10           3         514           2          16           2          10           1           1           3           2           1           2           3           1           3           1           3           3           4           2           4           3           4           4           2           3           4           4           3           4           4           4           4           4           4           6           2           6           5           3           4           5           6           4           4           6      35      13      13      26      12      23      26      61
          10           3         524           2          16           2          10           2           2           3           2           1           1           2           1           1           1           2           2           1           1           2           2           3           3           2           1           1           1           2           1           1           5           5           4           3           6           1           1           1           3           4           4           3           2           3           7      17       7       7      14      14      12      19      45
          10           3         527           2          17           2          10           1           1           1           1           1           2           2           1           3           1           2           1           3           3           3           4           2           4           3           2           1           3           2           3           3           5           4           5           2           6           4           5           2           3           5           6           5           3           6           8      27       9      12      21      14      19      28      61
          10           3         518           2          16           2          10           3           2           3           2           1           3           1           2           2           1           4           4           4           1           1           4           4           4           3           2           4           3           1           3           4           5           4           5           4           6           1           1           1           3           4           6           5           2           4           7      32      17       6      23      14      13      24      51
          10           3         526           2          16           2          10           3           2           3           2           2           2           3           1           3           1           3           2           1           3           3           2           3           2           2           2           2           2           2           2           3           5           4           4           2           4           3           3           2           2           4           4           4           3           2           8      22       9      13      22      13      14      19      46
          10           3         508           1          16           2          10           3           1           3           2           1           2           1           1           3           1           2           3           2           2           4           3           3           2           4           1           1           1           4           2           2           4           3           2           1           4           3           1           3           2           3           4           5           1           2           4      23      10      11      21       9      12      17      38
          10           3         521           2          16           2          10           2           1           2           2           2           2           2           2           1           1           3           1           3           1           1           2           3           3           3           2           2           2           4           4           4           5           4           6           5           6           6           6           5           2           6           6           6           6           6           7      29      11       6      17      15      28      32      75
          10           3         516           1          16           2          10           1           2           3           2           1           2           1           1           2           1           3           1           2           2           4           2           2           3           3           1           1           1           4           2           2           4           4           3           3           6           3           1           1           2           3           2           3           3           2           6      21       9      10      19      11      14      15      40
          10           3         506           2          16           2          10           2           1           2           2           2           3           3           2           2           1           4           2           3           1           1           4           4           4           4           4           4           3           4           4           4           5           3           3           1           4           2           2           1           1           1           2           2           2           3           5      39      14       8      22      11      10      11      32
          10           3         520           1          17           2          10           1           1           3           2           1           1           2           2           3           2           4           1           3           2           3           4           4           3           4           3           4           4           4           4           4           3           1           2           1           5           1           1           6           1           5           2           3           5           1           4      38      11      12      23       6      14      17      37
          10           3         513           2          16           2          10           1           1           2           2           1           2           2           1           3           1           3           1           3           1           4           4           4           4           3           2           1           2           3           4           4           5           2           2           2           6           3           1           2           1           5           3           3           1           3           9      31      10      11      21       9      14      16      39
          11           4                       1          15           4           9           1           1           1           2           2           2           1           1           3           1           1           2           2           2           3           2           3           1           2           2           1           2           2           1           1           6           6           6           4           5           4           5           3           6           5           5           4           3           5           8      17       8      10      18      18      21      28      67
          11           4                       1          14           4           9           1           1           2           2           1           1           3           2           4           2           2           1           3           3           4           3           4           2           3           2           2           1           2           1           1           5           5           6           4           6           2           4           3           6           5           5           4           5           6           9      21       9      16      25      16      19      31      66
          11           4                       2          15           4           9           1           6           2           2           2           1           2           2           1           3           3           1           2           1           1           3           4           2           3           1           2           4           2           2           4           5           4           5           1           6           3           4           5           6           4           5           4           2           6           9      27       9       8      17      14      19      27      60
          11           4                       1          16           4           9           2           1           2           2           2           1           1           1           1           1           1           1           1           1           1           1           1           1           1           1           1           1           1           1           2           5           5           6           4           6           6           5           4           6           6           6           6           6           6          10      11       5       5      10      16      25      36      77
          11           4                       1          14           4           9           1           1           2           2           2           1           1           2           1           1           2           1           2           2           2           2           3           1           3           1           1           1           2           1           2           6           5           6           3           6           6           5           6           5           5           5           3           5           6           9      17       8       7      15      17      26      29      72
          11           4                       2          16           4           9           2           2           2           2           2           2           2           2           1           1           2           2           2           2           1           2           2           2           3           2           2           1           2           2           2           5           4           6           3           6           4           4           4           5           5           5           3           4           5           8      20      10       7      17      15      21      27      63
          11           4                       2          15           4           9           1           1           2           2           2           2           2           2           2           3           3           1           2           3           3           1           3           4           4           1           1           2           2           3           3           5           5           5           4           6           5           5           4           5           5           6           6           6           6           8      24      10      13      23      15      24      34      73
          11           4                       2          14           4           9           2           1           3           2           2           1           3           1           2           1           1           1           2           2           2           2           2           1           1           1           1           3           2           1           3           5           5           6           4           6                       5                       5           5           3           6           5           4           9      17       6      10      16      16              28        
          11           4                       2          15           4           9           1           1           3           2           2           2           1           3           2           3           2           3           3           2           4           4           4           4           2           3           2           3           3           2           1           4           4           3           3           2           3           3           2           4           5           4           5           5           3           7      28      13      12      25      11      13      26      50
          11           4                       2          15           4           9           1           1           3           2           1           1           3           2           4           2           4           1           3           2           4           2           4           4           4           2           1           1           2           3           2           4           4           3           2           6           1           6           6           4           3           5           4           2           3           7      25      11      15      26      11      21      21      53
          11           4                       2          15           4           9           2           1           3           1           2           3           2           3           2           1           2           2           3           2           2           2           2           3           2           2           3           3           3           4           3           5           4           4           2           6           2           2           1           4           5           5           3           3           3           7      27      13       9      22      13      13      23      49
          11           4                       2          15           4           9           6           6           1           2           1           3           3           2           3           2           2           1           3           1           3           1           3           1           1           1           1           1           1           2           1           5           4           4           2           6           2           2           1           4           3           2           2           2           2           7      13      11      12      23      13      13      15      41
          11           4                       1          15           4           9           1           1           2           2           1           2           3           3           2           1           1           1           1           4           3           2           1           2           2           1           1           2           3           1           3           5           5           5           2           6           5           5           5           4           3           4           4           2           2           9      18       8      13      21      15      23      19      57
          11           4                       1          15           4           9           1           1           2           2           1           1           3           1           1           1           3           3           1           1           1           2           3           1           3           1           1           3           1           1           1           5           5           5           2           6           5           5           4           4           4           3           2           3           4           8      17       9       7      16      15      22      20      57
          11           4                       2          15           4           9           1           2           3           1           2           1           2           3           2           1           1           1           1           1           2           1           3           2           2           1           2           2           2           2           1           5           5           5           4           3           3           1           1           3           5           5           2           2           4           9      18       7       8      15      15      12      21      48
          11           4                       2                       4           9           2           2           2           2           2           2           2           3           2           1           2           3           2           2           1           3           3           2           3           2           4           2           4           3           2           4           4           4           1           4           3           5           5           3           4           5           5           3           4           8      28      12       8      20      12      18      24      54
          11           4                       2          15           4           9           6           1           3           2           1           2           1           1           3           1           3           3           2           2           3           4           4           4           4           4           4           4           4           4           3           4           2           4           2           5           4           3           3           1           4           1           2           2           2           6      39      11      10      21      10      17      12      39
          11           4                       1          15           4           9           1           1           2           2           2           2           3           1           1           1           1           2           2           4           3           4           4           4           4           4           4           4           4           4           2           4           4           1           1           5           1           1           2           1           5           4           5           5           1           4      38       8      12      20       9      10      21      40
          11           4                       2          15           4           9           2           1           2           2           1           4           2           2           1           3           3           2           4           2           2           3           3           3           2           4           1           2           3           4           4           5           3           4           4           6           1           1           2           1           5           5           4           4           5           7      29      15      10      25      12      14      24      50
          12           5        2022           1          16           4           9           1           1                       2           2           1           4           2           4           1           2           1           4           2           3           3           2           4           2           1           1           1           3           4           4           4           1           1           1           6           1           1           2           1           1           5           2           6           1           3      25      10      14      24       6      11      16      33
          12           5        2034           1          16           3           9           1           2           3           1           1           2           2           2           2           1           3           2           2           2           3           2           4           2           2           1           1           1           2           1           1           5           5           6           3           4           4           5           3           6           4           5           4           4           5           8      17      11      10      21      16      19      28      63
          12           5                       2          16           3           9           1           1           2           2           2           1           2           3           2           1           4           1           2           2           2           2           3           2           4           1           2           1           2           1           1           6           5           5           4           5           2           4           6           6           5           5           6           5           5           9      19      11       9      20      16      21      32      69
          12           5                       2          15           3           9           1           1           2           1           1           1           2           1           1           3           2           2           4           4           1           1           2           1           2           1           2           1           1           1           2           4           5           4           3           5           1           2           1           6           3           2           3           5           4           6      14      10      11      21      13      12      23      48
          12           5                       1          16           3           9           3           1           2           2           2           1           2           2           1           1           2           1           1           1           1           2           1           1           1           1           1           1           2           1           1           5           5           5           4           6           5           5           5           6           6           6           6           6           6           8      12       7       6      13      15      25      36      76
          12           5                       1          16           3           9           1           1           2           2           2           1           2           1           1           1           3           2           3           2           2           2           3           1           2           1           3           1           2           1           1           5           6           6           1           6           6           4           5           6           6           5           5           6           6           8      17      10       8      18      17      22      34      73
          12           5                       2          16           3           9           1           1           2           2           2           2           2           3           2           1           2           1           2           3           1           3           3           2           4           2           2           3           4           1           1           5           5           6           4           6           5           5           6           6           5           5           6           6           5           9      25      10       9      19      16      26      33      75
          12           5        2052           1          16           3           9           1           1           3           2           2           2           3           1           2           1           3           1           2           3           3           2           3           1           4           2           2           1           3           2           3           4           5           5           2           6           2           3           4           6           6           6           3           5           6           7      23       9      12      21      14      17      32      63
          12           5                       1          16           3           9           1           1           2           2           2           2           2           2           1           1           2           1           3           1           1           4           3           3           3           2           4           1           2           2           2           5           6           5           4           6           6           5           6           6           4           5           6           6           6           8      26      10       6      16      16      27      33      76
          12           5        2003           2          16           4           9           1           1           2           2           1           1           2           1           1           2           1           1           1                                   2           2           1           2           2           2           1           1           1           1           6           5           6           4           6           2           6           6           6           5           6           5           6           6           8      15       5                      17      24      34      75
          12           5        2021           2          16           4           9           2           1           2           2           2           2           3           2           3           1           3           3           1           3           3           2           4           3           3           2           2           3           4           1           2           6           6           6           5           6           3           4           2           6           6           6           5           6           4           8      26      11      13      24      18      20      33      71
          12           5        2023           1          16           4           9           1           1           3           2           1           2           3           1           2           1           3           2           2           1           1           2           2           1           2           1           2           1           3           1           2           6           5           5           4           6           5           4           4           6           5           4           5           6           5           8      17      10       8      18      16      23      31      70
          12           5        2025           2          16           4           9           3           2           3           2           2           2           2           3           3           1           3           1           1           3           4           3           4           4           4           3           3           4           2           3           3           5           4           5           3           6           3           3           3           6           5           5           5           6           6           6      33      10      13      23      14      18      33      65
          12           5                       1          16           4           9           1           1           3           2           2           1           3           2           1           1           3           2           1           2           1           3           4           2           2           2           1           1           3           2           1           5           5           5           6           6           6           4           5           6           5           5           4           6           6           8      21       9       8      17      15      27      32      74
          12           5        2044           2          16           3           9           1           1           2           2           2           1           2           2           1           1           3           3           2           1           1           4           3           3           2           3           2           1           2           4           4           4           5           3           2           1           4           3           5           5           5           4           5           4           2           7      28      11       6      17      12      15      25      52
          12           5                       1          16           3           9           3           2           3           2           2           4           3           2           3           1           4           1           2           3           2           3           3           4           4           2           3           4           1           2           2           4           3           5           2           2           4           2           4           5           5           2           3           4           6           8      28      13      12      25      12      14      25      51
          12           5        2083           2          16           3           9           1           1           3           2           2           1           2           2           2           2           3           1           3           2           3           2           3           2           2           2           3           1           2           1           2           4           3           4           1           4           1           5           5           5           4           2           3           2           2           9      20      10      11      21      11      16      18      45
          12           5        2033           1          15           3           9           1           1           2           2           2           2           4           1           4           1           4           2           3           1           4           4           4           2           4           2           4           3           3           2           4           4           5           3           2           4           1           3           2           5           3           3           2           5           2           3      32      12      14      26      12      12      20      44
          12           5                       1          15           3           9           1           2           3           2           2           2           3           1           3           1           2           1           2           2           3           2           3           2           3           1           2           2           2           2           3           6           3           3           2           4           2           4           2           5           5           6           4           3           3           7      22       8      12      20      12      14      26      52
          12           5        2091           1          16           3           9           1           1           2           2           2           1           1           2           2           1           2           2           2           1           2           2           3           1           2           2           2           1           2           1           2           5           5           5           1           5           5           2           2           5           3           4           4           3           3           8      18       9       7      16      15      15      22      52
          12           5                       2          16           3           9           1           1           3           2           2           2           1           2           3           2           4           3           3           1           2           3           4           2           4           1           1           2           4           2           4           4           4           4           3           5           1           2           3           5           3           4           3           5           6           9      27      14       9      23      12      14      26      52
          12           5        2030           2          16           3           9           2           2           3           1           2           2           2           3           2           2           2           2           2           2           2           3           4           3           4           2           4           3           3           2           3           5           4           4           3           5           3           4           3           5           5           4           4           3           3           7      31      11      10      21      13      18      24      55
          12           5        2016           1          16           4           9           1           1           3           1           2           2           2           2           2           1           2           3           1           1           2           3           3           2           3           1           2           1           1           1           3           5           4           5           3           5           3           4           5           5           4           5           3           6           3           6      20      10       8      18      14      20      26      60
          12           5        2085           2          15           3           9           1           1           3           2           2           1           4           2           3           1           1           1           3           3           3           2           3           2           3           1           3           1           4           1           2           5           5           6           4           6           5           6           4           5           5           5           5           4           3           9      22       8      14      22      16      25      27      68
          12           5        2053           1          16           3           9           3           1           3           1           2           2           3           1           3           1           2           1           3           4           3           3           4           2           3           1           1           1           3           2           3           5           5           5           3           6           3           5           5           5           4           6           6           6           2           7      23       9      14      23      15      22      29      66
          12           5        2055           2          16           3           9           1           1           2           2           2           2           3           3           2           1           2           1           1           1           3           2           2           3           2           1           2           1           2           1           2           5           6           6           1           6           4           4           5           5           6           6           6           4           6          10      18       9      10      19      17      20      33      70
          12           5        2050           2          15           3           9           1           1           3           2           2           2           3           1           2           1           3           2           2           1           2           2           3           4           2           1           1           2           3           2           2           5           5           4           1           6           4           5           5           5           5           5           4           5           4           8      22      10       9      19      14      21      28      63
          12           5        2031           2          15           3           9           1           1           2           2           2           2           3           2           2           1           3           1           1           2           2           3           4           4           3           2           1           4           2           1           2           5           5           6           3           6           4           5           4           5           6           6           5           5           6           9      26       9      10      19      16      22      33      71
          12           5                       2          15           3           9           2           1           2           2           2           2           3           1           2           1           3           4           2           1           1           1           4           2           3           1           2           1           2           1           1           6           5           6           4           6           3           6           4           5           6           5           4           4           3           8      18      12       8      20      17      23      27      67
          12           5        2068           1          15           3           9           1           1           3           1           1           2           3           1           1           1           2           2           2           1           2           3           3           2           3           2           2           2           3           2           2           5           5           4           2           6           5           6           5           5           5           5           4           5           5           7      24       9       8      17      14      24      29      67
          12           5        2061           2          15           3           9           1           1           2           2           2           2           2           2           2           1           1           2           3           2           3           2           3           2           3           1           2           2           3           2           3           5           4           5           1           6           1           2           2           5           4           5           4           4           3           8      23      10      10      20      14      12      25      51
          12           5        2032           1          15           3           9           1           1           2           1           2           2           3           1           3           1           3           1           2           2           1           3           3           2           3           1           1                       3           2           4           5           4           5           2           6                       4           2           5           4           5           3           6           5           8               9      10      19      14              28        
          12           5                       1          15           3           9           1           1           2           2           2           3           2           2           2           1           3           1           2           1           3           3           3           2           2           2           1           1           2           1           3           6           6           6           4           6           6           6           5           5           5           6           5           5           6           8      20      11       9      20      18      27      32      77
          12           5        2062           2          15           3           9           2           1           3           2           2           3           3           4           2           1           3           2           2           4           2           4           4           3           1           3           3           3           4           1           1           6           5           6           2           6           1           2           1           5           6           6           6           6           6           9      27      14      12      26      17      12      35      64
          12           5        2051           2          15           3           9           1           1           2           2           2           2           3           1           2           1           3           3           2           1           1           2           2           2           3           2           3           1           2           1           1           5           4           5           4           6           4           4           3           5           5           6           5           4           5           8      19      11       8      19      14      21      30      65
          12           5        2067           1          15           3           9           3           1           2           2           2           3           3           2           2           1           2           2           2           3           3           2           2           3           2           1           2           3           3           2           1           5           5           6           4           6           4           5           5           5           5           5           6           6           6           8      21      11      12      23      16      24      33      73
          12           5        2065           2          15           3           9           1           1           3           2           1           2           3           1           1           2           3           2           3           1           1           4           4           4           4           3           1           4           4           1           3           4           4           5           3           6           1           6           1           5           4           5           6           4           6          10      32      11       8      19      13      17      30      60
          12           5        2004           2          16           4           9           1           1           3           2           2           2           3           2           2           1           3           2           3           1           2           2           2           2           2           2           2           3           3           3           3           5           4           5           3           6           5           5           2           5           4           5           6           3           6           7      24      12       9      21      14      21      29      64
          12           5        2005           2          16           4           9           1           1           3           2           2           1           3           2           2           1           2           1           4           3           2           3           4           4           3           3           2           2           2           1           4           5           4           5           6           6           4           5           5           5           5           6           6           5           5          10      28      10      11      21      14      26      32      72
          12           5        2006           1          16           4           9           6           6           2           2           1           3           3           2           1           1           3           3           3           1           4           3           4           1           2           1           2           2           2           1           3           4           4           5           1           6           1           2           5           5           4           3           3           2           4           8      21      14      10      24      13      15      21      49
          12           5        2007           2          16           4           9           1           1           2           2           1           2           4           1           1           1           1           1                       2           2           2           3           1           2           1           1           1           2           1           3           6           5           6           4           6           3           5           3           5           4           5           3           2           5           9      17              10              17      21      24      62
          12           5        2012           1          16           4          16           1           1           2           1           2           3           4           3           3           1           3           3           1           4           3           4           4           4           3           4           4           1           4           2           4           4           5           6           5           6           6           6           6           5           6           6           6           6           6           8      34      13      15      28      15      29      35      79
          12           5        2018           2          17           4                       1           3           2           2           2           1           3           3           2           1           2           1           2           1           4           2           3           3           3           2           1           1           3           2           2           6           6           6           5           6           5           5           1           5           5           6           6           5           5           8      22       9      11      20      18      22      32      72
          12           5        2024           1          16           4           9           6           1           3           2           2           1           3           1           3           1           2           2           1           1           3           4           3           2           2           1           1           1           2           1           2           4           6           5           1           6           1           1           1           5           5           3           6           4           1           9      19       7      11      18      15      10      24      49
          12           5        2026           1          16           4           9           1           2           3           2           2           1           2           1           1           1                       2           1           1           1           1           2           2           2           1           1           1           1           1           1           5           5           5           3           6           1           3           1           5           6           4           5           5           6           8      13               6              15      14      31      60
          12           5        2027           1          16           4           9           1           1           2           1           2           3           4           1           2           1           3           1           2           2           2           3           4           2           3           2           2           1           2           1           2           6           4           5                       6           3           4           5           5           6                       4           5           6           7      22      10      11      21      15                        
          12           5                       1          17           4           9                       1           2           2           2           2           2           1           2           1           3           2           2           3           1           3           4           2           2           1           1           1           2           2           3           5           4           5                       6           2           4           5           5           5           6           5           6           6           8      21      10       9      19      14              33        
          12           5                       1          16           4           9           1           1           3           2           2           2           4           4           3           1           2           3           2           1           3           4           4           4           3           2           1           4           3           1           1           5           5           5           4           6           4           5           4           5           5           5           4           4           5           8      27      13      12      25      15      23      28      66
          12           5        2089           1          16           3           9           1           1           4           2           2           2           2           1           2           1           3           2           2           1           2           3           4           4           4           2           2           3           3           1           2           5           4           4           1           3           1           3           5           4           4           5           5           3           4           7      28      10       8      18      13      13      25      51
          12           5        2019           1          17           4           9           2           2           3           2           1           2           2           1           1           1           2           2           1           1           1           2           2           1           2           2           2           1           1           2           2           5           5           4           3           3           4           5           4           4           4           5           2           3           4           7      17       8       6      14      14      19      22      55
          12           5        2086           2          16           3           9           1           1           3           2           1           2           3           2           4           1           3           1           1           4           3           4           3           3           4           4           2           4           4           4           2           4           4           6           1           4           1           2           2           4           3           2           4           4           3           9      34       9      15      24      14      10      20      44
          12           5        2088           2          16           3           9           1           1           3           2           2           2           3           2           3           1           2           1           2           2           2           3           3           3           3           3           3           3           3           2           3           4           4           3           3           4           3           4           4           4           3           4           3           2           3           6      29       9      11      20      11      18      19      48
          12           5        2063           1          16           3           9           3           2           3           2           2           3           2           1           2           1           2           3           1           1           2           4           4           1           4           3           1           2           3           3           1           5           4           4           1           4           1           2           2           4           5           5           2           3           5           8      26      10       8      18      13      10      24      47
          12           5                       2          16           3           9           1           1           3           2           2           3           2           1           2           1           3           2           3           4           4           4           4           2           3           2           3           2           2           2           1           5           4           4           2           5           2           3           5           4           3           5           3           4           3           8      25      12      13      25      13      17      22      52
          12           5                       2          16           3           9           1           1           2           2           2           2           3           3           2           1           3           2           1           2           3           3           4           1           3           1           2           2           3           2           3           5           4           5           4           5           2           3           4           4           6           5           5           3           4           7      24      11      11      22      14      18      27      59
          12           5                       2          16           3           9           1           1           2           2           2           2           4           1           3           2           3           1           3           4           4           3           4           4           4           1           3           3           4           2           2           4           3           1           1           5           1           1           5           4           5           4           3           2           2           6      30      10      17      27       8      13      20      41
          12           5        2028           1          15           3           9           4           1           4           2           2           2           1           1           3           1           4           3           2           2           2           3           4           2           4           1           1           2           3           2           3           4           3           5           1           5           2           2           1           4           5           2           2           4           3           7      25      12       9      21      12      11      20      43
          12           5        2045           2          15           3           9           3           1           2           2           2           2           3           3           4           1           1           2           3           4           4           3           2           3           3           1           2           1           2           2           3           5           5           4           3           5           4           5           5           4           6           5           5           6           4           7      22      11      16      27      14      22      30      66
          12           5        2049           2          15           3           9           1           1           3           2           2           2           2           1           2           1           3           2           3           2           2           2           3           2           3           2           2           2           3           2           2           5           4           3           2           5           4           4           4           4           3           3           4           3           3           7      23      11       9      20      12      19      20      51
          12           5        2046           2          14           3           9           1           1           3           2           2           1           3           3           2           4           2           1           2           3           2           3           3           2           4           2           3           2           4           1           1           5           4           6           2           5           3           2           3           4           5           5           6           3           5           7      25       9      14      23      15      15      28      58
          12           5                       1          15           3           9           1           1           2           2           1           2           3           2           2           1           3           1           1           1           3           2           3           3           3           3           2           1           2           1           1           5           4           1           2           5           1           1           2           4           4           5           4           5           6           7      21       9      10      19      10      11      28      49
          12           5        2002           2          15           4           9           1           3           2           1           1           2           2           1           1           1           3           2           2           2           2           3           2           3           2           2           2           2           3           2           2           4           4           3           2           5           2           2           1           4           5           4           3           4           4           8      23      10       8      18      11      12      24      47
          12           5        2014           1          16           4           9           1           2           3           2           1           2           3           1                       1           1           2           3                       2           3           3           1           2           2           1           1           2           1           3           5           3           4                       5           1           3                       4           4                       2           5           3           6      19       9                      12                        
          12           5        2040           2          16           3           9           1           1           2           2           2           2           2           2           3           4           1           1           4           4           4           3           4           4           4           2           1           2           4           2           3           5           5           5           5           6           1           3           4           4           5           6           5           6           2           9      29      10      17      27      15      19      28      62
          12           5                       2          16           3           9           1           1           2           2           2           1           3           3           2           1           2           1           3           2           2           2           3           4           2           1           3           4           3           2           4           5           5           5           2           6           1           2           2           4           6           5           5           5           6           7      28      10      10      20      15      13      31      59
          12           5        2039           2          16           3           9           1           1           3           2           2           2           3           2           2           1           3           1           1           1           3           3           4           1           2           1           2           1           3           1           2           5           4           3           2           6           3           4           2           4           6           6           3           6           3           8      20       9      10      19      12      17      28      57
          12           5        2042           2          16           3           9           1           1           2           2           1           2           2           3           1           1           3           3           3           1           4           3           4           3           4           3           3           2           4           4           3           5           5           4                       6           2           5           3           4           3           4           5           4           6           8      33      14       9      23      14              26        
          12           5        2069           2          14           3           9           1           1           2           2           2           2           3           2           4           1           2           1           2           3           3           1           3           2           4           2           1           2           3           4           4           5           4           5           4           6           3           2           2           4           4           5           4           6           3           8      26       9      14      23      14      17      26      57
          12           5        2048           2          15           3           9           1           1           2           2           2           2           3           2           3           1           4           1           2           2           1           3           4           4           3           2           1           3           2           3           2           5           4           6           2           6           5           4           3           4           5                       4           3           6           9      27      11      10      21      15      20                
          12           5        2043           2          15           3           9           2           1           2           2           2           2           3           2           2           1           2           1           2           3           2           2           2           3           2           2           3           4           3           1           3           4           5           5           4           6           2           3           3           4           5           5           6           5           6           7      25       9      11      20      14      18      31      63
          12           5        2029           1          16           3           9           2           2           3           2           2           1           3           3           4           1           3           1           2           2           3           4           4           2           3           1           2           1           3           1           2           4           4           4           3           6           3           4           5           4           5           2           3           5           3           7      23      10      13      23      12      21      22      55
          12           5        2015           1          16           4           9           1           1           1           2           2           2           3           4           2           1           4           2           2           2           2           2           3           3           4           3           3           4           3           4           4           5           4           4           3           6           2           3           3           4           4           5           5           4           2           7      33      14      10      24      13      17      24      54
          12           5                       1          16           4           9           1           2           3           2           2           1           2           1           1           1           1           1           1           1           1                       3           1           2           1           2           1           2           1           2           5           4           6           3           6           5           1           2           4           4           3           1           6           4           6               5       6      11      15      17      22      54
          12           5                       2          16           4           9           1           2           2           1           2           2           2           1           2           1           3           2           2           1           1           3           2           2           1           1           1           3           2           2           2           5           5           5           3           6           5           4           3           4           5           6           5           5           4           8      19      10       7      17      15      21      29      65
          12           5                       2          16           3           9           1           1           2           1           2           2           4           4           4           2           2           3           4           2           2           4           4           4           4           4           4           4           4           4           4           5           4           5           2           2           1           2           5           3           4           5           5           3           5           6      40      15      14      29      14      12      25      51
          12           5        2054           1          17           3           9           1           1                       1           2           2           2           3           2           1           3           2           2           2           3           2           2           1           2           2           3           2           3           3           3           2           3           4           2           4           1           2           5           3           2           5           4           5           6           5      23      12      10      22       9      14      25      48
          12           5        2013           1          16           4           9           1           1           3           2           2           3           3           2           2           1           4           2           3           3           2           3           3           3           4           2           3           3           4           3           4           5           3           3           2           5           4           6           2           3           3           6           5           5           1           7      32      14      11      25      11      19      23      53
          12           5                       2          16           3           9           1           1           3           2           2           1           4           3           4           1           4           2           2           3           4           3           4           4           4           3           4           3           4           3           2           5           3           5           3           6           2           2           2           3           5           6           4           5           5           7      34      12      16      28      13      15      28      56
          12           5        2047           2          15           3           9           2           1           2           1           2           1           2           1           3           1           3           2           2           4           4           4           2           4           4           1           1           4           4           4           4           4           2           4           2           6           1           3           1           3           5           5           4           2           2           7      32       9      14      23      10      13      21      44
          12           5        2008           2          16           4           9           1           1           2           1           2           3           4           3           4           4           4           3           2           3           3           3           3           3           3           2           2           4           3           2           3           5           5           4           3           6           4           3           3           3           3           6           4           4           2           6      28      15      18      33      14      19      22      55
          12           5        2020           2          17           4           9           1           1           3           1           1           4           3           2           2           1           2           1           3           1           1           3           3           2           2           2           2           2           2           1           3           6           5           1           1           6           4           4           2           3           4           4           3           5           1           6      22      12       8      20      12      17      20      49
          12           5        2036           2          16           3           9           1           1           2           2           1           1           3           1           2           1           3           1           1           2           4           2           4           4           2           1           1           3           3           2           2           3           2           2           2           1           1           3           5           2           5           4           3           4           5           7      24       7      12      19       7      12      23      42
          12           5        2082           1          16           3           9           2           2           3           2           2           2           2           3           2           1           3           2           3           2           2           2           4           2           3           1           2           1           2           1           2           4           4           3           1           1           1           2           1           2           1           5           3           4           1           6      20      13       9      22      11       6      16      33
          12           5        2041           1          16           3           9           3           2           3           2           2           3           4           2           1           2           4           4           4           4           2           4           3           3           4           3           3           3           4           4           3           4           2           3           2           2           1           5           5           2           3           2           4           5           5           8      34      17      13      30       9      15      21      45
          12           5        2064           1          15           3           9           1           1           2           2           2           2           3           3           3           1           2           1           3           2           3           3           4           3           4           3           3           2           3           3           3           4           3           3           2           2           3           4           2           2           3           3           4           3           3           6      31      11      12      23      10      13      18      41
          12           5                       2          16           3           9           3           1           3           1           2           3           3           2           3           1           2           3           4           4           4           4           4           4           4           3           4           3           4           4           3           4           3           3           2           3           1           2           1           2           3           3           2           4           1           5      37      14      15      29      10       9      15      34
          12           5                       2          16           3           9           1           1           1           2           2           3           3           2           3           1           4           3           3           3           3           4           4           4           4           2           2           2           4           3           4           4           2           3           3           5           2           1           2           2           4           4           4           3           6           8      33      15      13      28       9      13      23      45
          12           5        2011           2          17           4           9           2           2           2           2           2           2           2           3           3           1           3           1           2           2           2           4           3           4           2           2           2           3           3           4           4           5           4           5           2           5           2           3           3           2           5           5           5           4           2           7      31      11      10      21      14      15      23      52
          12           5        2037           2          16           3           9           1           1           2           1           2           1           2           3           3           1           3           3           3           4           4           4           4           3           4           2           4           4           3           3           2           4           3           2           1           6           1           1           3           2           5           3           3           2           1           7      33      13      14      27       9      12      16      37
          12           5                       1          15           4           9           1           1           3           2           2           2           1           1           2           1           3           2           1           2           1           2           2           2           3           1           2           1           2           1           3           5           3           2           1           6           6           4           3           2           4           4           2           2           1           5      19       9       7      16      10      20      15      45
          12           5        2001           2          15           4           9           2           1           2           1           1           3           2           3           1           1           3           2           3           2           1           4           4           4           4           4           3           3           4           1           4           4           3           3           1           6           1           2           1           2           3           4           3           3           3           8      35      14       7      21      10      11      18      39
          12           5        2009           1          15           4           9           1           1           2           2           2           2           1           2           3           1           4           4           4           1           3           4           4           4           4           4           4           2           4           4           4           3           2           1           1           1           1           1           4           1           3           3           1           4           1           4      38      16       9      25       6       8      13      27
          12           5        2010           1          16           4                       1           2           3           2           2           1           2           1           1           1           1           1           1           1           1           4           4           4           4           4           4           4           4           4           4           1           1           1           1           1           1           1           1           1           1           1           1           1           1           5      40       5       6      11       3       5       6      14
          12           5        2084           2          16           4           9           1           1           2           2           2           3           3           4           3           2           4           4           4           2           2           3           3           3           3           3           3           1           3           3           3           2           2           1           4           3           2           5           5           1           2           5           4           1           4           3      28      19      12      31       5      19      17      41
          12           5        2090           1          15           3           9           1           1           6           2           2           4           3           2           4           1           4           4           4           1           4           4           4           3           4           4           1           3           4           4           4           1           2           1           1           3           5           1           2           1           1           2           1           2           1           1      35      18      13      31       4      12       8      24
          12           5                       2          16           3           9           1           1           2           2           2           2           2           3           3           1           2           2           4           2           3           4           4           4           3           4           3           2           3           3           4           3           2           2           1           4           2           3           2           1           2           3           4           2           2           6      34      13      11      24       7      12      14      33
          12           5                       2          15           3           9           2           1           2           2           2           2           3           1           3           1           3           1           3           4           4           3           4           4           4           2           4           3           3           4           3           2           3           1           1           5           2           1           3           1           2           5           3           2           4           4      34      10      15      25       6      12      17      35
          12           5        2000           2          16           4           9           1           1           3           2           1           3           3           3           3           1           4           3           3           3           3           3           4           4           4           4           1           3           4           4           3           4           4           4           3           5           3           4           3           1           4           4           4           3           4           7      34      16      13      29      12      18      20      50
          12           5        2066                                                                                                                                                                                                                                                                                                                                                                                                                                                                                                                                                                                                                
          12           5        2017                                                                                                                                                                                                                                                                                                                                                                                                                                                                                                                                                                                                                
          12           5        2035           2          16           3           9           1           1           3           1           1           2                       1           2           1           4           2           3           4           4           4           4           4           4           4           2           1           4           2           2           2           3           1           2           5           1           1           1                       1           5           3           4           1           6      31      12                       6      10                
          13           6                       2          18           4          10           3           1           2           2           1           1           4           2           2           1           1           1           2           4           3           1           2           2           1           1           1           1           1           1           4           5           4           5           3           6           2           5           5           6           5           5           6           5           6           8      15       7      14      21      14      21      33      68
          13           6                       2          16           4          10           3           3           4           1           2           2           4           4           4           3           1           1           4           4           4           3           4           2           4           2           4           3           4           2           1           5           5           6           6                       1           6           6           5           6           6           6           6           6           8      29      12      19      31      16              35        
          13           6                       2          17           4          11           3           2           3           2           2           4           2           1           3           2           2           1           3           3           4           4           3           2           3           2           4           3           2           2           3           5           4           6           1           1           2           5           6           5           3           2           4           2           3           5      28      11      14      25      15      15      19      49
          13           6                       2          18           4          11           3           3           3           1           2           2           3           4           3           1           2           3           3           1           4           3           2           3           3           1           1           1           2           1           2           4           3           3           2           1           1           2           3           5           5           5           4           5           2           4      19      14      12      26      10       9      26      45
          13           6                       2          16           4          10           1           1           2           1           2           1           2           3           1           1           1           1           3           1           1           3           4           4           3           3           3           4           2           1           3           5           5           6           4           4           5           5           5           5           4           4           5           3           4           8      30       9       6      15      16      23      25      64
          13           6                       2          16           4          10           2           1           3           2           2           2           1           2           2           1           1           1           2           1           2           2           2           3           2           2           1           1           1           1           2           5           5           6           3           4           4           4           4           5           3           4           3           2           3           7      17       8       7      15      16      19      20      55
          13           6                       1          16           4          10           1           1           3           2           1           1           2           1           2           1           3           1           2           2           1           2           3           2           4           4           1           4           2           1           1           5           5           6           4           4           1           4           1           5           5           4           4           6           6          10      24       8       8      16      16      14      30      60
          13           6                       2          16           4          10           3           3           3           1           1           3           3           3           2           1           3           1           3           3           1           3           4           3           3           2           2           2           2           2           3           5           4           5           3           5           5           4           4           5           5           4           5           4           5           4      26      13      10      23      14      21      28      63
          13           6                       2          16           4          10           6           2           3           2           2           2           2           1           2           1           2           1           1           2           3           2           3           3           3           1           2           2           3           1           1           4           4           5           1           5           3           3           3           5           5           6           3           4           1           7      21       7      10      17      13      15      24      52
          13           6                       1          16           4          10           1           1           3           2           1           2           3           3           3           1           2           2           2           3           2           2           2           2           3           1           1           1           3           1           2           5           4           5           3           5           4           5           5           5           4           5           4           5           6           9      18      11      12      23      14      22      29      65
          13           6                       2          18           4          11           3           4           3           1           2           2           2           1           1           1           3           3           2           2           3           3           2           2           2           1           2           3           4           2           4           4           3           3           2           6           4           5           4           5           5           5           4           4           4           7      25      11       9      20      10      21      27      58
          13           6                       1          16           4          10           3           1           3           2           2           2           1           1           1           1           3           3           3           1           2           3           4           3           4           1           1           1           4           1           4           5           5           2           1           6           1           1           1           5           4           2           1           6           1           7      26      12       6      18      12      10      19      41
          13           6                       1          17           4          10           3           2           3           2           2           2           3           1           3           3           3           2           1           3           4           3           2           3           2           2           2           2           2           2           2           3           3           3           2           2           1           1           1           4           2           4           2           2           2           4      22       9      16      25       9       7      16      32
          13           6                       2                       4          10           6           1           4           2           1           2           4           1           3           1           4           2           2           3           3           2           3           2           2           2           3           3           2           2           2           5           4           4           2           2           2           2           2           4           5           5           5           4           5           6      23      11      14      25      13      10      28      51
          13           6                       1          17           4          11           2           1           3           2           1           1           2           3           3           2           2           3           4           4           3           4           3           3           3           2           2           3           3           2           1           4           3           3           3           2           1           4           4           4           2           4           5           3           2           5      26      13      14      27      10      14      20      44
          13           6                       2          18           4          11           1           6           2           2           1           2           2           1           3           1           2           1           2           1           4           3           4           4           4           3           3           4           4           2           2           5           4           4           2           2           1           1           2           4           3           4           4           3           3           8      33       8      11      19      13       8      21      42
          13           6                       2          17           4          11           6           1           3           1           2           1           4           1           3           1           1           1           3           3           3           1           1           1           1           1           1           1           1           1           1           5           5           5           2           2           1           1           5           4           5           5           5           5           5           7      10       7      14      21      15      11      29      55
          13           6                       2          17           4          10           2           2           3           2           1           1           2           1           4           2           3           1           2           1           4           2           3           3           3           2           1           2           2           3           3           4           2           2           1           4           2           2           3           4           3           3           2           2           6           6      24       8      13      21       8      12      20      40
          13           6                       1          17           4          10           1           1           2           2           2           1           3           1           3           1           3           1           1           2           3           1           2           2           2           1           1           1           2           1           2           4           3           3           1           5           1           3           3           4           3           5           1           4           2           8      15       7      12      19      10      13      19      42
          13           6                       1          17           4          11           1           2           3           2           2           2           2           1           1           2           2           2           2           1           2           2           3           2           2           2           1           2           2           2           3           5           5           5           2           5           2           5           2           4           5           5           5           5           5           7      21       9       8      17      15      16      29      60
          13           6                       2          16           4          10           1           1           4           2           2           2           3           2           2           1           2           2           2           2           2                                                                                                                                   5           5           5           4           5           1           2           4           4           4           4           3           2           3           7              10      10      20      15      16      20      51
          13           6                       2          16           4          10           6           2           3           2           2           2           3           2           3           1           2           1           2           3           3           3           2           3           3           1           1           2           3           2           2           4           4           4           3           5           3           4           4           4           6           5           4           4           3           7      22       9      13      22      12      19      26      57
          13           6                       1          18           4          11           6           1           3           2           2           1           2           3           2           1           3           3           3           3           2           3           4           3           4           2           4           2           3           3           4           3           3           3           2           4           3           5           6           3           5           2           2           5           6           8      32      13      10      23       9      20      23      52
          13           6                       2          17           4          11           2           2           3           2           1           2           3           3           3           1           3           2           2           2           3           2           3           2           3           2           2           1           3           2           1           3           3           4           2           4           1           3           1           3           4           4           5           3           4           6      21      12      12      24      10      11      23      44
          13           6                       2          16           4          10           2           1           3           2           1           2           3           3           3           4           4           2           4           3           4           4           4           4           4           3           3           4           4           3           4           5           5           5           2           5           2           2           3           3           4           5           6           5           6           8      37      15      17      32      15      14      29      58
          13           6                       2          16           4          10           2           1           3           1           1           4           2           3           2           3           3           3           2           3           2           4           4           4           4           4           3           4           4           4           4           5           4           3                       5           2           1           1           3           5           5           5           5           3           7      39      15      12      27      12              26        
          13           6                       2          17           4          10           2           2           2           2           2           2           4           4           2           2           3           4           4           4           2           4           4           4           4           4           4           4           4           4           4           4           2           1           1           6           5           5           5           3           4           6           3           3           1           6      40      17      14      31       7      22      20      49
          13           6                       2          17           4          10           3           3           3           2           1           2           3           2           4           1           4           4           3           4           4           4           4           4           4           3           2           4           4           4           4           3           2           2           1           6           3           3                       3           4           4           4           2           4           2      37      15      16      31       7              21        
          13           6                       2          17           4          11           6           6           3           2           1           2           2           2           3           1           3           2           2           2           3           1           2           2           2           1           1           1           2           1           1           2           2           2           1           1           1           2           2           2           2           2           1           1           1           4      14      11      11      22       6       7       9      22
          13           6                       2          17           4          11           2           2           3           2           2           2           3           3           3           1           3           3           3           3           3           4           4           4           4           4           3           4           4           4           4           3           3           3           1           1           1           1           3           2           1           2           1           1           1           7      39      14      13      27       9       7       8      24
          13           6                       1          17           4          10           3           3           5           2           1           3           3           4           2           2           1           2           2           2           3           3           4           4           4           4           2           2           4           4           3           5           4           2           1           1           1           4           3           2           6           2           3           5           4           3      34      12      12      24      11      10      22      43
          13           6                       2          16           4          10           3           3           3           2           2           2           2           1           3           4           1           1           1           1           3           4           4           4           4           2           1           3           4           2           1           4           3           3           2           2           1           2           1           2           1           5           5           2           6           4      29       6      13      19      10       8      21      39
          13           6                       1                       4          11           1           1           3                       2           2           1           1           2           1           3           3           2           3           3           3           4           2           4           2           2           2           4           2           3           3                                   2           2           1           1           2           2           4           2           2           5           3           5      28      11      10      21               8      18        
          13           6                       2          15           4          10           2           2           3           2           2           2           3           2           3           1           4           4           4           4           3           3           2           4           4           3           2           4           2           3           4           3           3           2           3           2           2           1           2           2           2           5           2           4           3           5      31      16      14      30       8      10      18      36
          13           6                       2          16           4          10           6           6           3           1           2           3           2           2           3           1           2           1           4           2           4           4           4           4           3           2           1           4           4           3           4           5           4           5           2           3           1           2           3           2           4           5           5           6           6           8      33      12      12      24      14      11      28      53
          13           6                       2          17           4          10           6           6           3           2           2           2           3           3           2           3           4           3           3           2           4           3           4           4           4           3           3           4           4           4           4           4           3           4           1           5           1           2           1           2           2           6           4           4           5           6      37      15      14      29      11      10      23      44
          13           6                       2          16           4          10           1           1           3           2           2           2           3           1           1           2           3           1           3           1           2           2           4           4           4           1           2           2           4           4           4           4           2           2           1           5           1           1           1           2           1           3           1           2           2           8      31      10       9      19       8       9      11      28
          13           6                       2          16           4          10           1           3           3           2           1           3           2           2           3           1           2           2           4           3           2           4           4           4           4           4           3           4           4           4           4           5           4           4           3           6           2           5           4           2           5           6           5           3           3           7      39      13      11      24      13      20      24      57
          13           6                       1                       4          11           3           4           3           2           2           2           3           2           2           1           2           2           1           1           2           2           2           3           2           1           1           1           2           1           1           5           5           4           2           6           5           5           5           2           5           1           4           4           4           8      16       9       9      18      14      23      20      57
          13           6                       2          17           4          10           2           2           3           2           2           2           3           2           3           1           2           2           3           2           2           3           4           4           2           2           1           3           3           4           4           4           4           4           1                       2           1           1           1           5           5           1           2           3           5      30      11      11      22      12              17        
          13           6                       2                       4          11           3           1           3           1           2           4           2           2           4           1           2           4           4           3           4           4           4           4           4           3           4           2           4           2           4           1           1           1           1           1           1           1           1           1           2           1           1           4           1           3      35      16      14      30       3       5      10      18
          13           6                       2          17           4          10           2           3           2           2           2           2           1           4           1           1           4           3           4           3           2           4           4           4           3           4           4           1           4           4           3           4           3           1           1           2           1           1           5           1           5                       2           3           1           9      35      17       8      25       8      10                
          13           6                       2          17           4          11           1           1           3           1           2           3           1           1           1           1           2           4                       1           2           2           4           4           3           1           3           1           4           4           4           4           1           2           1           2           3           1           2           1           6           6           6           3           3           3      30               6               7       9      25      41
          13           6                       2          18           4          11           4           2           3           2           2           2           4           2           3           2           2           1           4           3           4           4           4           4           4           3           3           3           4           4           3           2           2           1           2           2           2           4           3           1           4           5           4           2           2           5      36      11      16      27       5      13      18      36
          13           6                       2          16           4          10           6           4           4           2           1           3           1           2           3           4           3           2           2           2           3           3           4           4           3           4           2           4           3           4           4           4           2           2           2           4           1           1           1           1           3           5           4           2           3           4      35      12      13      25       8       9      18      35
          13           6                       2          17           4          11           4           3           4           1           2           1           2           3           1           1           2           1           3           2           3           4           4           4           4           2           1           1           4           1           4           1           2           4           1           6           2           4           2           1           1           4           4           5           5           3      29      10       9      19       7      15      20      42
          13           6                       2          17           4          11           2           1           2           1           2           2           2           3           4           1           2           1           4           2           4           4           4           4           4           4           4           4           4           4           4           5           2           2           1           6           2           4           1           1           2           6           4           1           2           7      40      12      13      25       9      14      16      39
          13           6                       2          17           4          11           3           3           3           2           1           1           3           4           2           1           4           2           4           2           2           4           4           4           4           4           4           4           4           4           4           4           2           2           1           6           1           1           2           1           1           5           4           2           1           9      40      15      10      25       8      11      14      33
          13           6                       2          16           4          10                                                                       4           4           4           4           1           4           4           4           4           3           4           4           4           4           4           4           1           4           4           4                                                                                                                                                                                          37      20      16      36                                
          13           6                       2          16           4          10           2           1           3           1           2           2           3           2           3           2           3           1           4           2           3           4           3           4           4           4           4           4           3           4           4                                                                                                                                                                                          38      12      13      25                                
          21           6                       1          16           2          10           1           1           2           2           2           1           2           1           1           1           3           1           1           1           2           2           3           1           2           1           1           1           1           1           1           5           4           5           2           3           1           2           5           6           5           6           4           6           3           8      14       7       7      14      14      13      30      57
          21           5                       1          17           2          10           1           1           2           1           2           2           2           2           2           1           2           1           1           3           1           1           2           1           1           1           1           1           2           1           1           4           4           5           4           4           2           1           3           6           3           4           2           6           4           8      12       8       9      17      13      14      25      52
          21           6                       1          16           2          10           1           1           3           2           1           1           2           1           2           1           1           1           2           2           1           2           4           1           3           2           3           1           2           1           3           5           5           5           4           4           4           4           4           6           5           3           4           3           5           8      22       6       8      14      15      20      26      61
          21           6                       1          17           2          10           1           1           2           2           1           4           3           2           2           1           1           1           2           2           3           2           2           1           2           1           2           1           2           1           1           5           6           5           4           5           5           4           4           6           6           6           5           6           6           8      15      10      11      21      16      22      35      73
          21           6                       1          17           2          10           1           1           2           2           1           2           3           1           4           1           2           1           2           3           4           1           3           4           4           2           2           2           2           1           3           5           5           6           4           5           4           4           5           6           4           6           5           6           5           8      24       8      15      23      16      22      32      70
          21           6                       1          16           2          10           1           1           3           2           1           2           3           1           1           1           1           1           1           2           2           1           3           1           3           1           1           1           2           1           1           5           5           6           3           5           4           5           6           6           5           5           5           6           6          10      15       6       9      15      16      23      33      72
          21           6                       1          16           2          10           1           2           2           2           2           1           1           1           1           1           1           1           1           1           1           1           3           1           2           1           1           1           1           1           1           6           5           1           1           5           1           1           6           6           5           2           1           5           6           7      13       5       5      10      12      14      25      51
          21           6                       1          16           2          10           1           4           1           2           2           2           4           1           3           2           3           1           4           2           3           4           4           3           3           3           1           2           2           1           3           5           5           5           3           6           1           4           5           6           4           3           2           2           1           7      26      11      14      25      15      19      18      52
          21           6                       2          16           2          10           1           1           3           2           1           2           3           1           2           1           2           1           3           2           3           2           2           2           3           1           1           1           2           1           2           5           5           5                       6                                               6           5           6           6           6           6           6      17       9      11      20      15              35        
          21           6                       1          16           2          10           1           2           3           2           1           1           2           2           1           1           3           1           1           1           1           2           4           1           2           1           1           1           2           1           1           6           6           6           4           6           6           1           5           6           5           5           6           6           5           8      16       8       6      14      18      22      33      73
          21           6                       1          16           2          10           1           1           1           2           2           2           3           1           2           1           4           1           2           3           1           3           4           2           3           2           2           1           2           1           1           4           4           6           6           6           1           3           5           6           6           3           6           6           6           8      21      10      10      20      14      21      33      68
          21           6                       1          17           2          10           1           1           1           2           1           4           2           2           2           1           4           2           2           3           2           2           2           1           3           1           1           1           3           1           3           2           2           2           4           3           2           2           5           5           4           4           2           5           5           8      18      14      10      24       6      16      25      47
          21           6                       1          16           2          10           2           1           3           2           1           2           3           3           2           1           2           1           2           4           2           3           4           2           3           2           2           2           4           1           2           5           4           5           3           4           3           4           4           5           4           4           4           3           4           6      25      10      12      22      14      18      24      56
          21           6                       1          16           2          10           1           1           2           2           1           2           3           2           3           1           2           2           3           3           3           3           4           3           3           2           2           3           4           2           3           5           4           6           2           5           1           1           6           5           6           6           5           4           6           8      29      11      13      24      15      15      32      62
          21           5                       2          16           2          10           1           1           2           1           2           1           1           1           1           1           2           2           2           1           1           1           2           3           3           1           1           1           2           1           2           4           5           6           2           6           3           5           3           5           6           6           5           6           5           9      17       8       5      13      15      19      33      67
          21           5                       2          16           2          10           1           1           3           2           2           2           3           3           3           2           2           2           4           4           2           3           4           4           4           3           3           3           3           2           4           5           5           5           2           6           4           5           5           5           5           4           6           5           6           8      33      13      14      27      15      22      31      68
          21           6                       1          16           2          10           1           1           2           2           1           2           3           1           1           1           2           2           2           1           1           1           2           2           2           1           2           1           1           3           4           5           5           6           4           6           3           4           3           5           4           6           3           5           6           9      19       9       7      16      16      20      29      65
          21           6                       2          16           2          10           1           1           3           2           1           2           2           2           3           1           3           1           3           1           3           1           4           2           2           1           3           2           3           2           2           4           3           5           2           6           1           6           5           5           5           5           2           5           6           5      22      11      10      21      12      20      28      60
          21           6                       1          16           2          10           2           3                       2           2           2           3           2           1           1           1           1           2           1           2           2           1           1           1           1           2           1           3           1           3           5           5           3           2           6           5           2           6           5           6           5           6           4           1           6      16       8       8      16      13      21      27      61
          21           6                       2          16           2          10           1           1           2           2           2           1           3           2           3           2           2           2           2           4           3           4           2           4           4           4           2           4           2           2           1           4           4           5           2           6           5           5           1           5           3           3           2           5           6          10      29       9      15      24      13      19      24      56
          21           6                       2          16           2          10           1           2           4           2           2           2           4           1           4           1           3           4           4           3           4           4           4           3           4           3           4           4           4           3           4           6           6           6           1           6           4           6           6           5           1           6           6           4           6          10      37      14      16      30      18      23      28      69
          21           6                       2          16           2          10           1           1           2           2           1           1           1           2           2           2           3           1           1           4           2                       1           3           2           3           1           1           1           1           1           6           6           6           5           6           4           5           4           5           4           6           6           5           5          10               8      11      19      18      24      31      73
          21           6                       1          17           2          10           1           1           2           2           2           2           2           3           3           1           3           2           3           2           2           3           3           1           2           2           2           3           3           3           1           6           4           6           4           6           1           1           2           5           5           5           5           6           5          10      23      13      10      23      16      14      31      61
          21           6                       1          16           2          10           1           1           3           2           2           2           3           2           2           1           1           1           2           2           1           3           4           2           3           1           1           2           3           1           1           5           4           4           1           6           3           3           4           5           4           5           5           3           2           8      21       8       9      17      13      17      24      54
          21           6                       1          16           2          10           1           1           1           2           2           4           3           2           3           1           2           1           1           4           2           1           3           3           2           1           2           3           2           2           1           5           5           6           1           6           5           1           5           5           4           4           2           6           6           8      20      10      13      23      16      18      27      61
          21           6                       2          16           2          10           1           1           2           1           2           2           3           1           1           1           2           1           3           2           1           3           4           3           3           1           1           1           3           1           2           5           4           6           2           6           1           3           2           5           5           6           3           2           2           8      22       9       8      17      15      14      23      52
          21           6                       1          17           2          10           1           1           3           2           1           2           2           2           2           1           3           2           2           2           2           2           2           2           3           2           2           3           3           2           2           5           5           6           5           6           4           5           6           5           6           5           6           5           6           8      23      11       9      20      16      26      33      75
          21           6                       1          16           2          10           2           1           3           2           1           2           3           1           2           1           2           1           2           1           2           2           2           1           3           1           1           1           2           2           1           5           4           4           5           6           4           4           3           5           5           5           5           4           5           7      16       8       9      17      13      22      29      64
          21           6                       1          16           2          10           1           1           3           2           2           2           3           2           3           2           3           1           3           2           4           3           4           3           4           2           4           2           4           1           3           6           5           5           4           6           4           6           4           5           4           3           4           5           5           7      30      11      14      25      16      24      26      66
          21           6                       1          16           2          10           1           1           3           1           1           3           3           2           2           1           2           3           2           3           3           3           4           3           2           3           1           4           1           2           2           6           4           5           3           6           1           2           5           5           6           5           5           4           5           8      25      12      12      24      15      17      30      62
          21           6                       1          16           2          10           3           1           3           2           1           2           3           1           2           1           3           1           2           2           1           3           4           3           4           3           3           3           3           3           3           4           4           3           2           1           5           2           3           4           3           4           2           3           3           6      32       9       9      18      11      13      19      43
          21           6                       2          16           2          10           1           1           2           2           1           2           2           2           2           2           3           3           3           2           2           3           4           4           4           4           4           4           4           4           4           4           2           2           3           3           2           3           2           4           3           4           2           3           2           7      39      13      10      23       8      13      18      39
          21           6                       2          16           2          10           1           1           3           2           2           2           3           1           1           1           2           2           1           1           1           3           4           4           3           2           2           1           2           1           4           5           4           4           3           4           1           1           6           4           5           3           4           4           1           8      26       8       7      15      13      15      21      49
          21           6                       2          15           2          10           1           2           3           2           2           2           3           2           1           2           3           2           3           2           1           3           4           3           4           1           3           1           4           2           2           5           5           4           2           4           3                       3           4           4           4           3           3           1           5      27      12       9      21      14              19        
          21           6                       2          16           2          10           1           1           2           2           1           2           1           4           2           1           2           4           3           2           3           3           2           2           2           2           1           1           2           2           2           3           3           4           3           4           2           3           2           4           4           2           4           2           3           7      19      15       9      24      10      14      19      43
          21           6                       2          16           2          10           1           1           2           1           2           3           2           2           2           3           3           4           3           3           2           4           4           3           4           2           3           3           4           3           3           5           3           3           2           5           3           5           3           4           4           5           3           6           5           7      33      15      12      27      11      18      27      56
          21           6                       1          16           2          10           1           1           2           2           1           2           2           3           2           1           3           2           2           2           2           2           2           1           2           1           1           2           2           1           2           4           3           4           4           5           2           3           4           4           3           5           3           6           6           8      16      12       9      21      11      18      27      56
          21           6                       1          16           2          10           1           1           2           2           2           2           1           1           2           1           2           3           1           1           2           3           2           2           1           3           1           2           1           2           3           6           6           6           4           6           5           4           5           4           5           5           6           5           4           9      20       9       7      16      18      24      29      71
          21           6                       2          16           2          10           1           1           3           2           2           2           3           1           1           1           2           3           1           1           1           3           3           3           2           1           1           1           2           2           1           5           5           5           3           6           4           5           4           4           6           5           5           5           5          10      19       9       7      16      15      22      30      67
          21           6                       1          16           2          10           1           1           3           2           1           2           2           2           3           1           3           2           2           3           2           4           4           4           4           4           4           4           4           3           1           4           4           4           3           3           2           2           3           3           4           3           3           2           2           7      36      11      11      22      12      13      17      42
          21           6                       2          16           2          10           3           1           3           1           1           1           2           3           3           2           2           2           3           3           3           2           3           4           3           2           2           3           3           1           2           3           3           4           2           3           2           5           4           3           4           5           4           4           2           4      25      11      13      24      10      16      22      48
          21           6                       2          16           2          10           1           1           2           2           2           1           3           2           4           1           2           3           2           3           4           2           3           3           2           2           2           3           2           1           3           5           3           2           3           4           2           1           3           3           3           4           4           4           1           6      23      10      15      25      10      13      19      42
          21           6                       2          16           2          10           1           1           3           1           2           3           1           2           2           1           3           4           2           1           2           4           3           3           2           1           1           1           2           4           4           5           3           2           2           5           1           4           1           3           4           4           2           3           3           4      25      14       7      21      10      13      19      42
          21           6                       2          16           2          10           1           1           2           2           1           3           2           2           3           1           3           3           2           1           3           2           2           1           4           2           1           2           2           4           3           5           4           4           2           5           1           2           1           3           3           5           4           5           2           9      23      13      10      23      13      11      22      46
          21           6                       2          16           2          10           1           1           3           2           1           2           3           3           3           1           3           1           3           1           3           2           4           4           4           1           2           4           3           2           4           6           4           5           2           6           1           2           2           3           2           5           2           4           4           8      30      12      11      23      15      13      20      48
          21           6                       1          15           2          10           1           1           2           2           2           3           1           1           1           1           2           3           2           1           2           2           3           2           1           2           1           1           2           3           2           5           5           4           1           4           1           1           1           2           4           1           2           2           1           4      19      11       6      17      14       8      12      34
          21           5                       1          16           2          10           1           1           2           2           2           2           4           2           1           1           3           2           3           2           1           2           4           4           4           3           3           2           3           4           1           4           4           2           5           6           1           2           3           2           5           4           3           5           3           7      30      12       9      21      10      17      22      49
          21           6                       1          16           2          10           1           1           2           2           1           1           2           1           1           1           2           1           2           1           1           2           2           1           3           1           1           1           2           2           1           6           4           5           3           6           1           2           2           2           5           3           2           4           5           7      16       7       6      13      15      14      21      50
          21           5                       2          16           2          10           1           1           3           2           2           1           2           1           3           1           2           2           1           1           3           3           4           3           4           3           2           2           4           2           2           5           4           4           2           3           1           4           1           1           3           2           2           5           5           6      29       7      10      17      13      11      18      42
          21           6                       2          16           2          10           1           1           2           2           2           3           4           4           2           2           3           4           4           4           3           4           4           4           4           4           4           3           4           4           4           3           3           2           2           5           4           5           4           1           4           5           3           4           3           3      39      18      15      33       8      20      20      48
          21           6                       1          17           2          10           1           1           2           2           2           2           1           1           2           1           2           1           1           1           1           3           3           3           2           3           3           1           3           3           2           5           3           1           2           6           1           1           1           1           3           4           3           1           1           4      26       7       6      13       9      11      13      33
          21           6                       2          16           2          10           1           1           2           2           1           1           2           2           3           1           3           2           3           2           4           4           4           4           4           4           4           4           4           4           4           2           1           1           3           6           3           4           4           1           5           5           4           4           2           8      40      11      12      23       4      20      21      45
          21           6                       1          16           2          10           1           1           2           2           2           1           3           1           2           1           2           2           1           3           1           3           1           3           3           1           1           3           2           1           3           5           4           6           2                                                                                                                                   7      21       7      10      17      15                        
          21           6                       1          16           2          10           1           1                       2           2           3                       1           1           1           1           2                                   2                       3           1           4           1           1           1           2           1           2           4           4                       2           4           1           1           5                       3           2           4           4           1           7                                              13                
          21           6                       2          16           2          10           1           1           3           2           1           2           1           1           2           1           2           1           3           1           3           2           2           1           4           1           1           1           2           1           1           5           3                                   6           1                                               5           6                       5                       8      16       9       8      17                                
          21           6                       2          17           2          10           1           1           2           2           1           2           3           3           2           3           3           1           4           3           2           3           4           4           4           4           2           4           4           2           3           5           5                       2           6           5           6           2                       4           6           6           6           4           8      34      13      13      26              21                
